SlogP,SMR,LabuteASA,TPSA,AMW,ExactMW,NumLipinskiHBA,NumLipinskiHBD,NumRotatableBonds,NumHBD,NumHBA,NumAmideBonds,NumHeteroAtoms,NumHeavyAtoms,NumAtoms,NumRings,NumAromaticRings,NumSaturatedRings,NumAliphaticRings,NumAromaticHeterocycles,NumSaturatedHeterocycles,NumAliphaticHeterocycles,NumAromaticCarbocycles,NumSaturatedCarbocycles,NumAliphaticCarbocycles,FractionCSP3,Chi0v,Chi1v,Chi2v,Chi3v,Chi4v,Chi1n,Chi2n,Chi3n,Chi4n,HallKierAlpha,kappa1,kappa2,kappa3,slogp_VSA1,slogp_VSA2,slogp_VSA3,slogp_VSA4,slogp_VSA5,slogp_VSA6,slogp_VSA7,slogp_VSA8,slogp_VSA9,slogp_VSA10,slogp_VSA11,slogp_VSA12,smr_VSA1,smr_VSA2,smr_VSA3,smr_VSA4,smr_VSA5,smr_VSA6,smr_VSA7,smr_VSA8,smr_VSA9,smr_VSA10,peoe_VSA1,peoe_VSA2,peoe_VSA3,peoe_VSA4,peoe_VSA5,peoe_VSA6,peoe_VSA7,peoe_VSA8,peoe_VSA9,peoe_VSA10,peoe_VSA11,peoe_VSA12,peoe_VSA13,peoe_VSA14,MQN1,MQN2,MQN3,MQN4,MQN5,MQN6,MQN7,MQN8,MQN9,MQN10,MQN11,MQN12,MQN13,MQN14,MQN15,MQN16,MQN17,MQN18,MQN19,MQN20,MQN21,MQN22,MQN23,MQN24,MQN25,MQN26,MQN27,MQN28,MQN29,MQN30,MQN31,MQN32,MQN33,MQN34,MQN35,MQN36,MQN37,MQN38,MQN39,MQN40,MQN41,MQN42
2.684400000000001,49.89300000000003,74.6091943547654,26.3,170.25199999999998,170.130679816,2,0,6,0,2,0,2,12,30,0,0,0,0,0,0,0,0,0,0,0.7,8.006731025239716,4.500887246306986,2.8793686207219675,1.6724254119287714,1.03358443228468,4.500887246306986,2.8793686207219675,1.6724254119287714,1.03358443228468,-0.79,11.21,6.891817639246214,5.955174067405255,0.0,12.073271675700152,9.53140013787187,0.0,39.53076089108528,12.654955790432378,0.0,0.0,0.0,0.0,0.0,0.0,9.53140013787187,0.0,0.0,0.0,45.63472727883358,0.0,12.654955790432378,0.0,0.0,5.969305287951849,4.736862953800049,4.794537184071822,0.0,0.0,0.0,32.42033623597502,12.841643245852019,6.923737199690624,0.0,6.103966387748303,0.0,0.0,0.0,5.969305287951849,10,0,0,0,0,0,0,0,0,2,0,12,9,2,0,0,0,0,6,4,2,0,0,0,0,4,6,2,0,0,0,0,0,0,0,0,0,0,0,0,0,0
2.1564000000000005,44.7608,77.04062079137823,86.28,202.55299999999997,201.978134256,6,0,2,0,4,0,7,13,16,1,1,0,0,0,0,0,1,0,0,0.0,6.893364579451928,3.4824909200666068,2.5571341956689575,1.656845579732589,0.9410879467958669,3.104526447057379,2.149934068928351,1.3372330514719988,0.7545328394677622,-1.69,9.39841732979664,3.359310173331615,1.9093966896778856,0.0,9.846622097635342,0.0,20.228636537531145,0.0,18.19910120538483,5.022633313741326,0.0,0.0,11.374772549367124,0.0,11.600939890232516,9.846622097635342,0.0,0.0,0.0,0.0,0.0,43.4503710566573,0.0,0.0,22.97571243959964,0.0,20.228636537531145,0.0,0.0,0.0,11.600939890232516,6.06636706846161,6.06636706846161,15.912989166096953,5.022633313741326,0.0,0.0,11.374772549367124,0.0,6,0,1,0,0,0,0,2,0,4,0,13,5,2,0,3,3,0,2,12,6,0,0,2,2,5,0,2,0,3,3,0,0,0,0,1,0,0,0,0,0,0
3.246100000000002,51.083000000000034,74.85476008612592,17.07,166.26399999999998,166.135765196,1,0,4,0,1,0,1,12,30,1,0,1,1,0,0,0,0,1,1,0.7272727272727273,7.935346027959323,5.065261132663703,3.5018741946425496,2.4065241949061775,1.6259004335723242,5.065261132663703,3.5018741946425496,2.4065241949061775,1.6259004335723242,-0.5900000000000001,9.497642418930763,5.125927043660029,2.8026982192555554,0.0,5.783244946364939,4.794537184071822,0.0,51.8694885601727,11.64912463690315,0.0,0.0,0.0,0.0,0.0,0.0,4.794537184071822,0.0,0.0,0.0,51.8694885601727,0.0,11.64912463690315,0.0,0.0,5.783244946364939,0.0,4.794537184071822,0.0,0.0,0.0,25.841400552376523,31.256391021773304,6.4208216229260096,0.0,0.0,5.783244946364939,0.0,0.0,0.0,11,0,0,0,0,0,0,0,0,1,0,12,5,2,0,5,0,0,4,2,1,0,0,0,0,2,5,0,0,3,2,0,0,0,1,0,0,0,0,0,0,0
2.585,46.87200000000002,68.12814556599189,12.89,167.25799999999998,166.98634116,1,0,0,1,3,0,3,10,15,2,2,0,0,1,0,0,1,0,0,0.0,6.823000330149924,4.1701291293311105,3.7209858313108573,2.4954524254089576,1.9683782380832333,2.9064189529034263,1.9641643512762017,1.2825956784868282,0.8600477782998868,-0.54,6.188259160820243,2.251704688280161,0.9135671399846704,0.0,4.9839785209472085,0.0,0.0,0.0,28.605123954519986,0.0,10.216620634085363,0.0,0.0,0.0,23.96557502594773,0.0,0.0,4.9839785209472085,0.0,4.339655680673546,0.0,24.26546827384644,0.0,0.0,34.18219566003309,0.0,0.0,4.9839785209472085,0.0,23.96557502594773,12.13273413692322,12.13273413692322,0.0,10.216620634085363,4.339655680673546,0.0,0.0,0.0,0.0,7,0,0,0,0,2,0,0,1,0,0,10,1,0,0,5,5,0,0,1,1,0,0,0,0,1,0,0,0,6,3,0,0,0,1,1,0,0,0,0,2,1
0.8510000000000002,35.2668,48.11118451352239,52.04,108.144,108.06874825599999,2,4,0,2,2,0,2,8,16,1,1,0,0,0,0,0,1,0,0,0.0,4.464101615137754,2.398717474235544,1.6666666666666672,0.936467025586168,0.49601129057086185,2.398717474235544,1.6666666666666672,0.936467025586168,0.49601129057086185,-1.1800000000000002,4.966627565982405,1.7381205361963379,0.9041418956093399,11.46733495432437,0.0,0.0,0.0,0.0,24.26546827384644,0.0,0.0,0.0,11.374772549367124,0.0,0.0,0.0,0.0,0.0,0.0,0.0,11.46733495432437,24.26546827384644,0.0,0.0,11.374772549367124,11.46733495432437,0.0,0.0,0.0,0.0,0.0,24.26546827384644,11.374772549367124,0.0,0.0,0.0,0.0,0.0,0.0,6,0,0,0,0,0,0,2,0,0,0,8,2,0,0,3,3,0,0,2,2,4,2,0,0,2,0,0,0,4,2,0,0,0,0,1,0,0,0,0,0,0
3.6426000000000025,65.64680000000004,92.4555707546816,20.23,204.31300000000002,204.15141526,1,1,6,1,1,0,1,15,35,1,1,0,0,0,0,0,1,0,0,0.42857142857142855,9.446849116570453,5.718475200102517,3.828490124479195,2.4748981435869175,1.5838975682869432,5.718475200102517,3.828490124479195,2.4748981435869175,1.5838975682869432,-1.08,11.99183908045977,7.243173657230877,4.797685546874999,0.0,11.713409359353623,0.0,0.0,38.17047518309165,35.90493987237732,0.0,6.076020106833881,0.0,0.0,0.0,0.0,5.106527394840706,0.0,0.0,0.0,32.60702369139466,6.606881964512918,41.468391364074314,0.0,0.0,6.076020106833881,5.106527394840706,0.0,0.0,0.0,0.0,56.173235894684574,23.97819926761828,0.0,6.606881964512918,0.0,0.0,0.0,0.0,0.0,14,0,0,0,0,0,0,0,0,1,0,15,8,1,0,3,3,0,6,2,1,1,1,0,0,2,6,1,0,5,1,0,0,0,0,1,0,0,0,0,0,0
1.2688000000000001,30.8544,42.771293816509676,26.02,93.12899999999999,93.057849224,1,2,0,1,1,0,1,7,14,1,1,0,0,0,0,0,1,0,0,0.0,3.9641016151377544,2.1993587371177727,1.4106836025229597,0.7995724914118484,0.4530389187988476,2.1993587371177727,1.4106836025229597,0.7995724914118484,0.4530389187988476,-0.9800000000000001,4.18611295681063,1.6461962159398054,0.9290591797144502,5.733667477162185,0.0,0.0,0.0,0.0,30.33183534230805,0.0,0.0,0.0,5.687386274683562,0.0,0.0,0.0,0.0,0.0,0.0,0.0,5.733667477162185,30.33183534230805,0.0,0.0,5.687386274683562,5.733667477162185,0.0,0.0,0.0,0.0,18.19910120538483,12.13273413692322,5.687386274683562,0.0,0.0,0.0,0.0,0.0,0.0,6,0,0,0,0,0,0,1,0,0,0,7,1,0,0,3,3,0,0,1,1,2,1,0,0,1,0,0,0,5,1,0,0,0,0,1,0,0,0,0,0,0
1.4455,46.81090000000002,71.14118748925014,52.32,165.19199999999998,165.078978592,3,2,2,1,3,0,3,12,23,1,1,0,0,0,0,0,1,0,0,0.2222222222222222,6.910354708062404,3.7640725458859556,2.3424786483856304,1.4218177789634643,0.8336300246081277,3.7640725458859556,2.3424786483856304,1.4218177789634643,0.8336300246081277,-1.5099999999999998,8.585328884652048,3.7588733548338538,1.985036469518851,5.733667477162185,12.576187252464766,4.736862953800049,0.0,17.28172587545944,24.26546827384644,0.0,0.0,0.0,5.687386274683562,0.0,0.0,9.53140013787187,0.0,0.0,0.0,6.923737199690624,12.340549441675103,29.828919765543436,0.0,0.0,11.656691562635412,10.470530430962235,0.0,4.794537184071822,0.0,0.0,0.0,31.18920547353706,5.687386274683562,12.170333456209914,0.0,0.0,0.0,0.0,5.969305287951849,9,0,0,0,0,0,0,1,0,2,0,12,5,1,0,3,3,0,2,5,3,2,1,0,0,3,2,1,0,4,2,0,0,0,0,1,0,0,0,0,0,0
1.5896,42.445700000000016,61.27569099157935,32.86,151.18999999999997,151.00918478,2,1,0,1,2,0,3,10,15,2,2,0,0,1,0,0,1,0,0,0.0,5.942394238613956,3.7562192858131467,2.8774824040542004,2.2487386743995885,1.6294480125370845,2.939722704885421,2.0294077079628905,1.3853720267189216,0.8995326187474075,-1.09,5.6765355505299455,1.9519932802068964,0.6749474353313213,5.559266895052008,4.3735399814164495,0.0,0.0,0.0,29.060005457918262,0.0,10.086144130933896,0.0,0.0,0.0,11.532486611566675,0.0,0.0,4.3735399814164495,0.0,0.0,0.0,34.61927235297027,0.0,0.0,21.61863074250057,0.0,9.16807716548827,0.0,0.0,0.0,23.665220748489894,12.13273413692322,0.0,10.086144130933896,0.0,0.0,0.0,5.559266895052008,0.0,7,0,0,0,0,1,0,0,1,1,0,10,0,1,0,5,5,0,0,3,2,1,1,0,0,1,0,0,0,6,3,0,0,0,1,1,0,0,0,0,2,1
2.615400000000001,63.71500000000003,103.69781152919383,52.6,242.23000000000002,242.0579088,4,0,2,0,4,0,4,18,28,2,2,0,0,0,0,0,2,0,0,0.0,9.406495853751712,5.304530452640312,3.4736324313660756,2.212024039232289,1.3203836344848499,5.304530452640312,3.4736324313660756,2.212024039232289,1.3203836344848499,-2.6199999999999988,11.853492048583622,5.63191006693438,2.946780724478822,0.0,11.938610575903699,9.775141906512223,0.0,20.715977351537635,60.6636706846161,0.0,0.0,0.0,0.0,0.0,0.0,19.364216274655867,0.0,0.0,0.0,0.0,0.0,71.7905736680101,0.0,0.0,11.938610575903699,0.0,0.0,19.364216274655867,0.0,0.0,36.39820241076966,24.26546827384644,0.0,11.126902983393991,0.0,0.0,0.0,0.0,11.938610575903699,14,0,0,0,0,0,0,0,0,4,0,18,5,2,0,6,6,0,2,8,4,0,0,0,0,2,2,2,0,10,2,0,0,0,0,2,0,0,0,0,0,0
1.1789,32.364799999999995,48.59057898608958,20.23,108.13999999999997,108.057514876,1,1,1,1,1,0,1,8,16,1,1,0,0,0,0,0,1,0,0,0.14285714285714285,4.541071722634634,2.5804647591330716,1.643712442661908,1.0253988479125442,0.5834198265146368,2.5804647591330716,1.643712442661908,1.0253988479125442,0.5834198265146368,-0.8200000000000001,5.319275766016713,2.4782287289052554,1.073981896801325,0.0,5.106527394840706,6.606881964512918,0.0,5.563451491696996,30.33183534230805,0.0,0.0,0.0,0.0,0.0,0.0,5.106527394840706,0.0,0.0,0.0,6.606881964512918,0.0,35.89528683400505,0.0,0.0,0.0,5.106527394840706,0.0,0.0,0.0,0.0,30.33183534230805,5.563451491696996,0.0,6.606881964512918,0.0,0.0,0.0,0.0,0.0,7,0,0,0,0,0,0,0,0,1,0,8,2,0,0,3,3,0,1,2,1,1,1,0,0,1,1,0,0,5,1,0,0,0,0,1,0,0,0,0,0,0
2.2888,46.157000000000025,66.3630906449429,17.07,146.189,146.07316494,1,0,2,0,1,0,1,11,21,1,1,0,0,0,0,0,1,0,0,0.1,6.4497001747912455,3.5254913502778504,2.3546673458807956,1.310063962885701,0.7777290989802184,3.5254913502778504,2.3546673458807956,1.310063962885701,0.7777290989802184,-1.37,7.733842159916925,3.7145006798174434,2.8046483913205162,0.0,5.783244946364939,4.794537184071822,0.0,12.487188691387619,36.407855449141934,0.0,6.076020106833881,0.0,0.0,0.0,0.0,4.794537184071822,0.0,0.0,0.0,6.923737199690624,0.0,41.97130694083893,0.0,0.0,11.85926505319882,0.0,4.794537184071822,0.0,0.0,0.0,36.407855449141934,18.5632087982215,0.0,0.0,0.0,5.783244946364939,0.0,0.0,0.0,10,0,0,0,0,0,0,0,0,1,0,11,3,2,0,3,3,0,2,2,1,0,0,0,0,2,2,1,0,5,1,0,0,0,0,1,0,0,0,0,0,0
3.1156000000000024,59.527000000000044,86.147520020317,17.07,190.28599999999997,190.135765196,1,0,3,0,1,0,1,14,32,1,1,0,0,0,0,0,1,0,0,0.46153846153846156,9.20921319878509,5.068871146498571,4.652265226320155,2.370825009063016,1.39700456280429,5.068871146498571,4.652265226320155,2.370825009063016,1.39700456280429,-1.11,10.967579519006982,4.405720409270866,2.985083934433029,0.0,6.286160523129555,16.63034927639461,0.0,38.31893620539187,24.26546827384644,0.0,0.0,0.0,0.0,0.0,0.0,4.794537184071822,0.0,0.0,0.0,39.02784531432067,0.0,35.392371257240434,0.0,0.0,6.286160523129555,4.794537184071822,0.0,0.0,0.0,0.0,45.03667987291831,22.96271507571678,6.4208216229260096,0.0,6.286160523129555,0.0,0.0,0.0,0.0,13,0,0,0,0,0,0,0,0,1,0,14,7,1,0,3,3,0,3,2,1,0,0,0,0,4,3,0,1,4,2,0,0,0,0,1,0,0,0,0,0,0
1.2019,35.467,56.15016301969372,21.759999999999998,130.18699999999998,130.099379688,2,0,5,0,2,0,2,9,23,1,0,1,1,0,1,1,0,0,0,1.0,5.92938075605009,3.625331026294228,2.3838101489852828,1.348341094389762,0.6254452556214224,3.625331026294228,2.3838101489852828,1.348341094389762,0.6254452556214224,-0.08,7.032107623318386,3.854020551508844,3.4885012769209114,0.0,25.924612281287057,9.473725907600098,0.0,19.765380445542643,0.0,0.0,0.0,0.0,0.0,0.0,0.0,9.473725907600098,0.0,0.0,0.0,25.869346833290948,19.820645893538753,0.0,0.0,0.0,0.0,9.473725907600098,0.0,0.0,0.0,0.0,13.344558822616634,6.4208216229260096,6.606881964512918,13.213763929025836,6.103966387748303,0.0,0.0,0.0,0.0,7,0,0,0,0,0,0,0,0,1,1,9,6,0,0,3,0,0,5,4,2,0,0,0,0,1,5,0,0,2,1,0,1,0,0,0,0,0,0,0,0,0
2.4879000000000007,46.30200000000003,67.80021493954504,17.07,150.22099999999998,150.104465068,1,0,1,0,1,0,1,11,25,1,0,0,1,0,0,0,0,0,1,0.5,7.184269172402757,3.963326066999694,3.293415683440302,2.2771000214588746,1.2763993866103889,3.963326066999694,3.293415683440302,2.2771000214588746,1.2763993866103889,-0.8500000000000001,8.248522167487685,3.0354524341669897,1.7934452549147415,0.0,5.783244946364939,4.794537184071822,5.917906046161393,26.689117645233267,23.801164850570913,0.0,0.0,0.0,0.0,0.0,0.0,4.794537184071822,0.0,0.0,5.917906046161393,26.689117645233267,0.0,23.801164850570913,0.0,0.0,5.783244946364939,0.0,4.794537184071822,0.0,0.0,0.0,18.228060320501644,31.759306598537915,6.4208216229260096,0.0,0.0,5.783244946364939,0.0,0.0,0.0,10,0,0,0,0,0,0,0,0,1,0,11,3,2,0,5,1,0,1,2,1,0,0,0,0,4,0,1,0,3,3,0,0,0,0,1,0,0,0,0,0,0
4.894400000000004,92.19400000000006,135.25342033666848,6.48,318.8730000000001,318.09574728800004,2,0,4,0,3,0,4,21,40,3,2,0,1,0,0,1,2,0,0,0.29411764705882354,13.915837709306214,8.331172040341192,7.010513420734169,4.940160423539641,3.8308620729095892,7.136710986404238,5.490300683775358,3.574794941917979,2.5884116965055552,-1.1599999999999997,14.763801473252023,6.304372410382191,3.203270439286252,4.899909730850478,32.08476650803001,0.0,0.0,6.4208216229260096,52.25553643026682,5.022633313741326,0.0,0.0,11.374772549367124,0.0,23.36282483962363,0.0,0.0,4.899909730850478,0.0,16.21178857396156,32.08476650803001,47.487202792972596,0.0,0.0,34.73759738899076,9.799819461700956,0.0,0.0,0.0,0.0,35.49555897654685,57.39275733650101,21.358356670689453,11.374772549367124,0.0,0.0,0.0,0.0,0.0,17,0,1,0,0,1,0,1,1,0,0,21,7,0,0,10,6,0,4,2,2,0,0,0,0,3,3,1,0,8,6,0,0,0,0,3,0,0,0,0,4,2
1.8987,41.54000000000002,59.998148530546295,17.07,132.16199999999998,132.057514876,1,0,2,0,1,0,1,10,18,1,1,0,0,0,0,0,1,0,0,0.0,5.52705044398087,3.1017276641799554,1.9058831224074562,1.1668150461385,0.7145448510869892,3.1017276641799554,1.9058831224074562,1.1668150461385,0.7145448510869892,-1.37,6.745874855156431,3.6165878630836263,1.8597894898001621,0.0,6.286160523129555,4.794537184071822,0.0,5.563451491696996,36.407855449141934,0.0,6.076020106833881,0.0,0.0,0.0,0.0,4.794537184071822,0.0,0.0,0.0,0.0,0.0,41.97130694083893,0.0,0.0,12.362180629963436,0.0,4.794537184071822,0.0,0.0,0.0,36.407855449141934,11.639471598530877,0.0,0.0,6.286160523129555,0.0,0.0,0.0,0.0,9,0,0,0,0,0,0,0,0,1,0,10,2,2,0,3,3,0,2,2,1,0,0,0,0,1,3,0,0,5,1,0,0,0,0,1,0,0,0,0,0,0
1.6921,42.56180000000003,60.63086018269854,20.23,134.178,134.07316494,1,1,2,1,1,0,1,10,20,1,1,0,0,0,0,0,1,0,0,0.1111111111111111,5.695772261013887,3.257168126931807,1.9956267154201976,1.2152829666784277,0.752937421067386,3.257168126931807,1.9956267154201976,1.2152829666784277,0.752937421067386,-1.08,7.032107623318386,3.854020551508844,2.0337812126823116,0.0,11.713409359353623,0.0,0.0,5.563451491696996,36.407855449141934,0.0,6.076020106833881,0.0,0.0,0.0,0.0,5.106527394840706,0.0,0.0,0.0,0.0,6.606881964512918,41.97130694083893,0.0,0.0,6.076020106833881,5.106527394840706,0.0,0.0,0.0,0.0,42.483875555975814,5.563451491696996,0.0,6.606881964512918,0.0,0.0,0.0,0.0,0.0,9,0,0,0,0,0,0,0,0,1,0,10,3,1,0,3,3,0,2,2,1,1,1,0,0,1,3,0,0,5,1,0,0,0,0,1,0,0,0,0,0,0
2.2233799999999997,41.08900000000002,60.229206111971244,23.79,129.16199999999998,129.057849224,1,0,1,0,1,0,1,10,17,1,1,0,0,0,0,0,1,0,0,0.0,5.488665479827339,3.044974002795898,1.8731163807298736,1.14989151372505,0.6976428743998929,3.044974002795898,1.8731163807298736,1.14989151372505,0.6976428743998929,-1.5499999999999998,6.568343195266271,3.4706601158982107,1.7543657425425239,0.0,0.0,0.0,11.33111286753076,5.563451491696996,36.407855449141934,0.0,6.076020106833881,0.0,0.0,0.0,0.0,0.0,5.261891554738487,0.0,0.0,0.0,0.0,41.97130694083893,0.0,6.069221312792274,6.076020106833881,0.0,0.0,0.0,5.261891554738487,0.0,30.33183534230805,11.639471598530877,6.076020106833881,6.069221312792274,0.0,0.0,0.0,0.0,0.0,9,0,0,0,0,0,0,1,0,0,0,10,2,1,1,3,3,0,1,1,1,0,0,0,0,1,3,0,0,5,1,0,0,0,0,1,0,0,0,0,0,0
2.878000000000001,48.48600000000003,68.80604609307427,17.07,152.237,152.120115132,1,0,4,0,1,0,1,11,27,0,0,0,0,0,0,0,0,0,0,0.5,7.554512660405836,3.908187543975612,2.9692516495910093,1.443820170964484,0.7880020563840352,3.908187543975612,2.9692516495910093,1.443820170964484,0.7880020563840352,-0.8500000000000001,10.15,5.899350869955592,7.042355752945163,0.0,6.286160523129555,4.794537184071822,0.0,33.61285484492389,23.2982492738063,0.0,0.0,0.0,0.0,0.0,0.0,4.794537184071822,0.0,0.0,0.0,33.61285484492389,0.0,23.2982492738063,0.0,0.0,6.286160523129555,0.0,4.794537184071822,0.0,0.0,0.0,17.22222916697242,39.68887495175777,0.0,0.0,6.286160523129555,0.0,0.0,0.0,0.0,10,0,0,0,0,0,0,0,0,1,0,11,7,3,0,0,0,0,4,2,1,0,0,0,0,4,5,2,0,0,0,0,0,0,0,0,0,0,0,0,0,0
1.793,42.484000000000016,63.07940657528497,30.21,146.14499999999998,146.036779432,2,0,0,0,2,0,2,11,17,2,2,0,0,1,0,0,1,0,0,0.0,5.7805981960654815,3.3504063074083805,2.2922570838438423,1.528535399172959,1.011383034283897,3.3504063074083805,2.2922570838438423,1.528535399172959,1.011383034283897,-1.5699999999999998,6.160248407637458,2.234974333040861,1.02612164813026,5.625586319077987,0.0,0.0,0.0,0.0,45.60989053189483,0.0,10.969244356107037,0.0,0.0,0.0,0.0,4.417150937053347,0.0,0.0,0.0,0.0,0.0,46.818325913919466,0.0,0.0,10.969244356107037,4.417150937053347,0.0,4.794537184071822,0.0,0.0,18.19910120538483,12.13273413692322,11.452591282926406,0.0,5.583020141642242,0.0,0.0,0.0,5.625586319077987,9,0,0,0,0,0,0,0,0,1,1,11,0,1,0,6,5,0,0,4,2,0,0,0,0,1,0,0,0,7,3,0,0,0,0,2,0,0,0,0,2,1
3.370000000000002,60.01300000000004,86.89504128273487,17.07,192.30199999999996,192.15141526,1,0,2,0,1,0,1,14,34,1,0,0,1,0,0,0,0,0,1,0.6153846153846154,9.579456686788166,5.319985101786092,4.860014275054893,3.088758027310107,2.4483394259194733,5.319985101786092,4.860014275054893,3.088758027310107,2.4483394259194733,-0.8500000000000001,11.226045627376426,4.118968361635843,2.1434085618722865,0.0,5.783244946364939,4.794537184071822,17.250802561719567,34.11577042168851,24.304080427335524,0.0,0.0,0.0,0.0,0.0,0.0,4.794537184071822,0.0,0.0,17.250802561719567,34.11577042168851,0.0,24.304080427335524,0.0,0.0,5.783244946364939,0.0,4.794537184071822,0.0,0.0,0.0,38.999271919573516,30.75347544500869,5.917906046161393,0.0,0.0,5.783244946364939,0.0,0.0,0.0,13,0,0,0,0,0,0,0,0,1,0,14,6,2,0,5,1,0,2,2,1,0,0,0,0,5,2,1,0,3,2,1,0,0,0,1,0,0,0,0,0,0
-1.506599999999999,30.978499999999997,44.06372094865284,64.07,103.16900000000001,103.11094741599999,3,5,4,3,3,0,3,7,20,0,0,0,0,0,0,0,0,0,0,1.0,4.483127663125441,2.5236033621142733,1.3273502691896257,0.6422285251880866,0.32912414523193145,2.5236033621142733,1.3273502691896257,0.6422285251880866,0.32912414523193145,-0.12,6.880000000000001,5.88,5.88,16.784123558330702,26.1790256236503,0.0,0.0,0.0,0.0,0.0,0.0,0.0,0.0,0.0,0.0,0.0,0.0,5.316788604006331,11.46733495432437,0.0,26.1790256236503,0.0,0.0,0.0,0.0,16.784123558330702,0.0,0.0,0.0,0.0,0.0,0.0,26.1790256236503,0.0,0.0,0.0,0.0,0.0,0.0,4,0,0,0,0,0,0,3,0,0,0,7,6,0,0,0,0,0,4,3,3,5,3,0,0,2,5,0,0,0,0,0,0,0,0,0,0,0,0,0,0,0
0.6688,42.40600000000002,71.15437745552283,52.60000000000001,172.17999999999995,172.073558864,4,0,4,0,4,0,4,12,24,0,0,0,0,0,0,0,0,0,0,0.5,7.201907262607799,3.7187440150134066,1.8374299245754706,0.9286917917684798,0.5168256052173168,3.7187440150134066,1.8374299245754706,0.9286917917684798,0.5168256052173168,-1.32,10.68,6.393995146516292,5.463757940031418,0.0,25.152374504929536,19.06280027574374,0.0,13.847474399381248,12.152040213667762,0.0,0.0,0.0,0.0,0.0,0.0,19.06280027574374,0.0,0.0,0.0,13.847474399381248,13.213763929025836,12.152040213667762,0.0,0.0,11.938610575903699,9.473725907600098,0.0,9.589074368143644,0.0,0.0,0.0,13.847474399381248,12.152040213667762,13.213763929025836,0.0,0.0,0.0,0.0,11.938610575903699,8,0,0,0,0,0,0,0,0,4,0,12,8,3,0,0,0,0,4,8,4,0,0,0,0,4,6,2,0,0,0,0,0,0,0,0,0,0,0,0,0,0
1.5382,40.39800000000002,64.79546563870821,26.3,148.16099999999997,148.052429496,2,0,0,0,2,0,2,11,19,2,1,0,1,0,0,1,1,0,0,0.2222222222222222,6.040111220059325,3.6468294860719683,2.5817932312743013,1.794863898397839,1.220336112770788,3.6468294860719683,2.5817932312743013,1.794863898397839,1.220336112770788,-1.31,6.4033600114109595,2.381380891498966,1.1134056202963443,4.736862953800049,5.969305287951849,11.21535880699783,0.0,11.984273114623004,24.26546827384644,0.0,0.0,0.0,0.0,5.749511833283905,0.0,9.53140013787187,0.0,0.0,0.0,12.841643245852019,0.0,29.828919765543436,0.0,5.749511833283905,5.969305287951849,4.736862953800049,4.794537184071822,0.0,0.0,0.0,18.19910120538483,18.050640183084614,0.0,6.4208216229260096,5.749511833283905,0.0,0.0,0.0,5.969305287951849,9,0,0,0,0,0,0,0,0,1,1,11,0,1,0,8,3,0,0,4,2,0,0,0,0,1,0,0,0,7,3,0,0,0,0,2,0,0,0,0,2,1
2.7513000000000014,49.531800000000025,70.12836077741078,20.23,156.26899999999998,156.15141526,1,1,5,1,1,0,1,11,31,0,0,0,0,0,0,0,0,0,0,0.8,7.9303412586254005,4.406998041192866,3.476278331478514,1.8339505289550058,1.0212503698810855,4.406998041192866,3.476278331478514,1.8339505289550058,1.0212503698810855,-0.30000000000000004,10.7,6.412726002270941,7.598269256176509,0.0,11.713409359353623,0.0,5.917906046161393,40.0336764678499,11.64912463690315,0.0,0.0,0.0,0.0,0.0,0.0,5.106527394840706,0.0,0.0,5.917906046161393,40.0336764678499,6.606881964512918,11.64912463690315,0.0,0.0,0.0,5.106527394840706,0.0,0.0,0.0,0.0,18.572861836593773,39.02784531432067,6.606881964512918,0.0,0.0,0.0,0.0,0.0,0.0,10,0,0,0,0,0,0,0,0,1,0,11,9,1,0,0,0,0,5,2,1,1,1,0,0,4,5,2,0,0,0,0,0,0,0,0,0,0,0,0,0,0
0.7355,26.829999999999988,42.78448378278237,26.3,100.11699999999999,100.052429496,2,0,2,0,2,0,2,7,15,0,0,0,0,0,0,0,0,0,0,0.4,4.3080604124904465,2.1009536313038994,0.9561724408530002,0.45326313239628546,0.20118446353109132,2.1009536313038994,0.9561724408530002,0.45326313239628546,0.20118446353109132,-0.79,6.210000000000001,3.401938579654511,3.0288906629955825,0.0,12.576187252464766,9.53140013787187,0.0,6.923737199690624,12.654955790432378,0.0,0.0,0.0,0.0,0.0,0.0,9.53140013787187,0.0,0.0,0.0,6.923737199690624,6.606881964512918,12.654955790432378,0.0,0.0,5.969305287951849,4.736862953800049,0.0,4.794537184071822,0.0,0.0,6.578935683598497,6.923737199690624,6.076020106833881,6.606881964512918,0.0,0.0,0.0,0.0,5.969305287951849,5,0,0,0,0,0,0,0,0,2,0,7,4,2,0,0,0,0,2,4,2,0,0,0,0,3,3,1,0,0,0,0,0,0,0,0,0,0,0,0,0,0
-1.0962,18.108800000000006,25.783974536251588,52.04,60.09999999999999,60.06874825599999,2,4,1,2,2,0,2,4,12,0,0,0,0,0,0,0,0,0,0,1.0,2.5689141007523464,1.3164965809277258,0.5773502691896257,0.16666666666666669,0.0,1.3164965809277258,0.5773502691896257,0.16666666666666669,0.0,-0.08,3.9200000000000004,2.92,1.9199999999999995,11.46733495432437,13.08951281182515,0.0,0.0,0.0,0.0,0.0,0.0,0.0,0.0,0.0,0.0,0.0,0.0,0.0,11.46733495432437,0.0,13.08951281182515,0.0,0.0,0.0,0.0,11.46733495432437,0.0,0.0,0.0,0.0,0.0,0.0,13.08951281182515,0.0,0.0,0.0,0.0,0.0,0.0,2,0,0,0,0,0,0,2,0,0,0,4,3,0,0,0,0,0,1,2,2,4,2,0,0,2,2,0,0,0,0,0,0,0,0,0,0,0,0,0,0,0
2.1293,48.55980000000003,72.10934752660204,29.46,164.204,164.083729624,2,1,3,1,2,0,2,12,24,1,1,0,0,0,0,0,1,0,0,0.2,7.07907652509542,3.744063076679359,2.4990004639770524,1.6241733935106488,1.0156731681243487,3.744063076679359,2.4990004639770524,1.6241733935106488,1.0156731681243487,-1.4400000000000002,8.654696969696971,3.809658461029751,1.7840075614366737,4.736862953800049,12.216324936118239,6.4208216229260096,0.0,5.563451491696996,30.854056995817206,0.0,0.0,0.0,0.0,11.49902366656781,0.0,9.843390348640755,0.0,0.0,0.0,6.4208216229260096,7.109797541277533,36.417508487514205,0.0,11.49902366656781,0.0,9.843390348640755,0.0,0.0,0.0,6.578935683598497,12.142387175295491,24.117007251546227,0.0,7.109797541277533,0.0,11.49902366656781,0.0,0.0,0.0,10,0,0,0,0,0,0,0,0,2,0,12,5,1,0,3,3,0,3,4,2,1,1,0,0,3,3,0,0,3,3,0,0,0,0,1,0,0,0,0,0,0
4.397900000000004,72.49880000000005,100.5738652850253,20.23,222.37199999999996,222.198365452,1,1,7,1,1,0,1,16,42,0,0,0,0,0,0,0,0,0,0,0.6,11.214798309001575,6.114104822379414,4.642352500750139,2.562484212224506,1.4947151036533204,6.114104822379414,4.642352500750139,2.562484212224506,1.4947151036533204,-0.8200000000000001,15.18,9.409141869664666,9.724281562263146,0.0,11.713409359353623,0.0,0.0,53.378235290466534,34.947373910709445,0.0,0.0,0.0,0.0,0.0,0.0,5.106527394840706,0.0,0.0,0.0,53.378235290466534,6.606881964512918,34.947373910709445,0.0,0.0,0.0,5.106527394840706,0.0,0.0,0.0,0.0,34.947373910709445,53.378235290466534,0.0,6.606881964512918,0.0,0.0,0.0,0.0,0.0,15,0,0,0,0,0,0,0,0,1,0,16,12,3,0,0,0,0,7,2,1,1,1,0,0,5,8,3,0,0,0,0,0,0,0,0,0,0,0,0,0,0
-0.1849,7.121,12.900773127873316,17.07,30.026,30.010564684,1,0,0,0,1,0,1,2,4,0,0,0,0,0,0,0,0,0,0,0.0,1.1153550716504106,0.2886751345948129,0.0,0.0,0.0,0.2886751345948129,0.0,0.0,0.0,-0.33,1.6699999999999997,0.6700000000000002,-5.360303030303031,0.0,6.78907609989417,4.794537184071822,0.0,0.0,0.0,0.0,0.0,0.0,0.0,0.0,0.0,4.794537184071822,0.0,0.0,0.0,0.0,0.0,0.0,0.0,0.0,6.78907609989417,4.794537184071822,0.0,0.0,0.0,0.0,0.0,0.0,0.0,0.0,6.78907609989417,0.0,0.0,0.0,0.0,1,0,0,0,0,0,0,0,0,1,0,2,0,1,0,0,0,0,0,2,1,0,0,0,0,2,0,0,0,0,0,0,0,0,0,0,0,0,0,0,0,0
2.6714000000000016,49.50780000000003,69.43875774522651,20.23,154.253,154.135765196,1,1,4,1,1,0,1,11,29,0,0,0,0,0,0,0,0,0,0,0.6,7.723234477438853,4.0636280067274635,3.0532005505033757,1.5310097978029482,0.8464137068445395,4.0636280067274635,3.0532005505033757,1.5310097978029482,0.8464137068445395,-0.56,10.44,6.1695841223704875,7.335554906673255,0.0,11.713409359353623,0.0,0.0,33.61285484492389,23.2982492738063,0.0,0.0,0.0,0.0,0.0,0.0,5.106527394840706,0.0,0.0,0.0,33.61285484492389,6.606881964512918,23.2982492738063,0.0,0.0,0.0,5.106527394840706,0.0,0.0,0.0,0.0,23.2982492738063,33.61285484492389,0.0,6.606881964512918,0.0,0.0,0.0,0.0,0.0,10,0,0,0,0,0,0,0,0,1,0,11,8,2,0,0,0,0,4,2,1,1,1,0,0,4,5,2,0,0,0,0,0,0,0,0,0,0,0,0,0,0
0.5545,25.97899999999999,42.52206368550351,34.14,100.11699999999999,100.052429496,2,0,4,0,2,0,2,7,15,0,0,0,0,0,0,0,0,0,0,0.6,4.09251746286662,2.2879011017187576,1.264236993116233,0.6439505508593788,0.2845177968644246,2.2879011017187576,1.264236993116233,0.6439505508593788,0.2845177968644246,-0.66,6.339999999999999,5.34,5.34,0.0,12.57232104625911,9.589074368143644,0.0,19.26246486877803,0.0,0.0,0.0,0.0,0.0,0.0,0.0,9.589074368143644,0.0,0.0,0.0,19.26246486877803,0.0,0.0,0.0,0.0,12.57232104625911,9.589074368143644,0.0,0.0,0.0,0.0,0.0,6.4208216229260096,12.841643245852019,0.0,12.57232104625911,0.0,0.0,0.0,0.0,5,0,0,0,0,0,0,0,0,2,0,7,4,2,0,0,0,0,4,4,2,0,0,0,0,2,5,0,0,0,0,0,0,0,0,0,0,0,0,0,0,0
-0.6158000000000001,12.128,23.42723734231369,34.14,58.036,58.005479304000005,2,0,1,0,2,0,2,4,6,0,0,0,0,0,0,0,0,0,0,0.0,1.9711971193069777,0.8047378541243653,0.2721655269759088,0.05555555555555559,0.0,0.8047378541243653,0.2721655269759088,0.05555555555555559,0.0,-0.66,3.34,2.34,1.3399999999999992,0.0,12.57232104625911,9.589074368143644,0.0,0.0,0.0,0.0,0.0,0.0,0.0,0.0,0.0,9.589074368143644,0.0,0.0,0.0,0.0,0.0,0.0,0.0,0.0,12.57232104625911,0.0,9.589074368143644,0.0,0.0,0.0,0.0,0.0,0.0,0.0,0.0,12.57232104625911,0.0,0.0,0.0,2,0,0,0,0,0,0,0,0,2,0,4,1,2,0,0,0,0,1,4,2,0,0,0,0,2,2,0,0,0,0,0,0,0,0,0,0,0,0,0,0,0
2.1527000000000003,49.99380000000003,74.97948590963878,37.3,172.268,172.14632988,2,1,6,1,2,0,2,12,32,0,0,0,0,0,0,0,0,0,0,0.9,8.338589549089264,4.6149575893199835,4.212203427467733,1.9840974911574223,1.1652516740494594,4.6149575893199835,4.212203427467733,1.9840974911574223,1.1652516740494594,-0.37,11.63,5.306328434805405,7.733842159916927,0.0,16.99373872895395,4.794537184071822,5.917906046161393,46.454498090775914,0.0,0.0,0.0,0.0,0.0,0.0,0.0,9.901064578912528,0.0,0.0,5.917906046161393,52.05554890175959,0.0,0.0,0.0,0.0,6.286160523129555,9.901064578912528,0.0,0.0,0.0,0.0,19.765380445542643,26.18620206846865,6.4208216229260096,5.601050810983688,6.286160523129555,0.0,0.0,0.0,0.0,10,0,0,0,0,0,0,0,0,2,0,12,10,1,0,0,0,0,6,4,2,1,1,0,0,5,5,1,1,0,0,0,0,0,0,0,0,0,0,0,0,0
-3.1222999999999996,87.04839999999999,147.61323981804762,238.75999999999996,388.2970000000001,388.10910947199994,16,10,6,10,10,4,16,27,43,2,2,0,0,2,0,0,0,0,0,0.2727272727272727,13.437595078414844,7.1301552126815,4.832215738428928,3.17401319341351,1.9461397700641816,7.1301552126815,4.832215738428928,3.17401319341351,1.9461397700641816,-3.920000000000001,19.40532753501617,7.972988042317998,4.192774884259259,32.64664121243227,58.25918613041523,13.461633494998969,0.0,0.0,9.589074368143644,0.0,0.0,0.0,21.2247999238137,11.759976672870742,0.0,30.015183947506465,0.0,29.735733545489786,0.0,13.461633494998969,17.302268396911803,20.968561164550593,0.0,11.759976672870742,23.6979545803462,31.059686787375483,29.735733545489786,19.178148736287287,0.0,0.0,0.0,0.0,0.0,6.6686911888991425,13.461633494998969,11.635725555670057,11.759976672870742,0.0,23.441715821083093,11,0,0,0,0,0,0,4,4,8,0,27,14,4,0,5,5,0,6,24,16,10,10,0,0,8,7,2,0,2,8,0,0,0,2,0,0,0,0,0,0,0
2.2171000000000007,47.27780000000003,69.12252962388153,20.23,154.25299999999996,154.135765196,1,1,1,1,1,0,1,11,29,1,0,0,1,0,0,0,0,0,1,0.8,7.670828234631557,4.429653410511902,3.899972919263833,2.8084265749377684,2.164088601299267,4.429653410511902,3.899972919263833,2.8084265749377684,2.164088601299267,-0.3,8.793457943925233,3.3976259891711784,1.8357208975709403,0.0,11.713409359353623,0.0,17.75371813848418,27.19203322199788,11.64912463690315,0.0,0.0,0.0,0.0,0.0,0.0,5.106527394840706,0.0,0.0,17.75371813848418,27.19203322199788,6.606881964512918,11.64912463690315,0.0,0.0,0.0,5.106527394840706,0.0,0.0,0.0,0.0,25.496599036284397,31.098276961100808,6.606881964512918,0.0,0.0,0.0,0.0,0.0,0.0,10,0,0,0,0,0,0,0,0,1,0,11,5,0,0,5,1,0,1,2,1,1,1,0,0,4,1,0,0,2,4,0,0,0,0,1,0,0,0,0,0,0
2.433900000000001,49.366800000000026,72.10934752660204,29.46,164.20399999999998,164.083729624,2,1,2,1,2,0,2,12,24,1,1,0,0,0,0,0,1,0,0,0.2,7.242213231911951,3.7733718422761315,2.431286227019778,1.5628954975988163,0.990334334230321,3.7733718422761315,2.431286227019778,1.5628954975988163,0.990334334230321,-1.4400000000000002,8.654696969696971,3.809658461029751,1.7840075614366737,4.736862953800049,12.216324936118239,0.0,0.0,12.487188691387619,24.27512131221871,0.0,6.076020106833881,0.0,0.0,11.49902366656781,0.0,9.843390348640755,0.0,0.0,0.0,6.923737199690624,7.109797541277533,29.838572803915707,0.0,11.49902366656781,6.076020106833881,9.843390348640755,0.0,0.0,0.0,0.0,18.218407282129373,24.61992282831084,0.0,7.109797541277533,0.0,11.49902366656781,0.0,0.0,0.0,10,0,0,0,0,0,0,0,0,2,0,12,5,1,0,3,3,0,2,4,2,1,1,0,0,3,3,0,0,3,3,0,0,0,0,1,0,0,0,0,0,0
-7.2913999999999985,107.79220000000001,189.2991534834346,282.61,484.5030000000001,484.23805797199987,15,15,6,11,15,0,15,33,69,3,0,3,3,0,2,2,0,1,1,1.0,17.854463788517695,10.79228063998325,8.789839929381966,6.482175991670566,4.400522452035768,10.79228063998325,8.789839929381966,6.482175991670566,4.400522452035768,-0.6,26.99525419145484,10.983748429196504,5.32387543252595,22.93466990864874,140.64256995790777,18.947451815200196,0.0,6.4208216229260096,0.0,0.0,0.0,0.0,0.0,0.0,0.0,54.693143579085124,0.0,0.0,22.93466990864874,98.16606144652333,13.151638370425493,0.0,0.0,0.0,0.0,77.62781348773389,0.0,0.0,0.0,0.0,0.0,6.4208216229260096,18.628438064208495,12.648722793660879,61.039663877483015,12.580053458670426,0.0,0.0,0.0,18,0,0,0,0,0,0,4,0,9,2,33,17,0,0,18,0,0,6,26,15,15,11,0,0,11,4,0,0,3,15,0,0,0,0,3,0,0,0,0,0,0
3.361600000000002,64.07400000000004,92.51246213471359,17.07,204.31299999999996,204.15141526,1,0,3,0,1,0,1,15,35,1,1,0,0,0,0,0,1,0,0,0.5,10.079456686788166,5.47955474902153,5.264414217971273,2.609946521151137,1.560725974175971,5.47955474902153,5.264414217971273,2.609946521151137,1.560725974175971,-1.11,11.961994240460763,4.606245281678695,3.502932727242313,0.0,6.286160523129555,16.63034927639461,5.917906046161393,38.821851782156486,24.26546827384644,0.0,0.0,0.0,0.0,0.0,0.0,4.794537184071822,0.0,0.0,5.917906046161393,39.53076089108528,0.0,35.392371257240434,0.0,0.0,6.286160523129555,4.794537184071822,0.0,0.0,0.0,0.0,51.960417072608934,22.96271507571678,5.917906046161393,0.0,6.286160523129555,0.0,0.0,0.0,0.0,14,0,0,0,0,0,0,0,0,1,0,15,8,1,0,3,3,0,3,2,1,0,0,0,0,5,2,1,1,4,2,0,0,0,0,1,0,0,0,0,0,0
2.852100000000001,56.87100000000004,85.64364439784514,26.3,194.27399999999997,194.130679816,2,0,5,0,2,0,2,14,32,1,0,0,1,0,0,0,0,0,1,0.5833333333333334,8.95432478243242,5.157962350257082,3.9213762236649066,2.6035294061615297,1.6047051639588885,5.157962350257082,3.9213762236649066,2.6035294061615297,1.6047051639588885,-1.0500000000000003,11.027220077220075,5.6321572115053895,3.3645839960894155,0.0,13.079102829229381,9.53140013787187,5.917906046161393,33.10993926815928,23.2982492738063,0.0,0.0,0.0,0.0,0.0,0.0,9.53140013787187,0.0,0.0,5.917906046161393,33.10993926815928,6.606881964512918,23.2982492738063,0.0,0.0,6.472220864716464,4.736862953800049,4.794537184071822,0.0,0.0,0.0,37.14572367318754,18.75954929201341,6.4208216229260096,6.606881964512918,0.0,0.0,0.0,6.472220864716464,0.0,12,0,0,0,0,0,0,0,0,2,0,14,7,1,0,4,2,0,5,4,2,0,0,0,0,3,4,1,0,4,2,0,0,0,0,1,0,0,0,0,0,0
2.1332000000000004,48.55100000000003,74.29802277880893,26.3,168.236,168.115029752,2,0,4,0,2,0,2,12,28,0,0,0,0,0,0,0,0,0,0,0.7,7.852030486860464,4.377156752707547,2.6040184908736546,1.5311759121034936,0.8258648629016413,4.377156752707547,2.6040184908736546,1.5311759121034936,0.8258648629016413,-0.97,11.03,8.129700897308076,7.1407419712070865,0.0,13.079102829229383,9.53140013787187,11.840868637711289,39.02784531432067,0.0,0.0,0.0,0.0,0.0,0.0,0.0,9.53140013787187,0.0,0.0,0.0,39.02784531432067,7.109797541277533,0.0,0.0,11.840868637711289,5.969305287951849,4.736862953800049,0.0,4.794537184071822,0.0,0.0,32.1066363873243,6.4208216229260096,12.341255941781654,7.109797541277533,0.0,0.0,0.0,0.0,5.969305287951849,10,0,0,0,0,0,0,0,0,2,0,12,9,1,1,0,0,0,4,4,2,0,0,0,0,3,8,1,0,0,0,0,0,0,0,0,0,0,0,0,0,0
1.7431,43.93400000000002,67.93308066441232,26.3,154.20899999999997,154.099379688,2,0,3,0,2,0,2,11,25,0,0,0,0,0,0,0,0,0,0,0.6666666666666666,7.144923705673916,3.8771567527075472,2.2504651002803806,1.2811759121034938,0.6490881676050044,3.8771567527075472,2.2504651002803806,1.2811759121034938,0.6490881676050044,-0.97,10.03,7.1407419712070865,6.920975467153839,0.0,13.079102829229383,9.53140013787187,11.840868637711289,32.60702369139466,0.0,0.0,0.0,0.0,0.0,0.0,0.0,9.53140013787187,0.0,0.0,0.0,32.60702369139466,7.109797541277533,0.0,0.0,11.840868637711289,5.969305287951849,4.736862953800049,0.0,4.794537184071822,0.0,0.0,25.685814764398287,6.4208216229260096,12.341255941781654,7.109797541277533,0.0,0.0,0.0,0.0,5.969305287951849,9,0,0,0,0,0,0,0,0,2,0,11,8,1,1,0,0,0,3,4,2,0,0,0,0,3,7,1,0,0,0,0,0,0,0,0,0,0,0,0,0,0
2.687500000000001,57.326000000000036,84.20652010324301,26.3,190.24199999999996,190.099379688,2,0,4,0,2,0,2,14,28,1,1,0,0,0,0,0,1,0,0,0.25,8.48770497725203,4.609207560276426,2.9263593056144837,1.925939607274045,1.0220439330825302,4.609207560276426,2.9263593056144837,1.925939607274045,1.0220439330825302,-1.5699999999999998,10.510450522928398,5.22255467272389,3.0529023955834815,4.736862953800049,12.893042487642472,4.794537184071822,0.0,18.90801031431363,30.34148838068032,0.0,6.076020106833881,0.0,0.0,5.749511833283905,0.0,9.53140013787187,0.0,0.0,0.0,13.344558822616634,7.109797541277533,35.90493987237732,0.0,5.749511833283905,11.85926505319882,4.736862953800049,4.794537184071822,0.0,0.0,0.0,25.132491443447723,23.772205735454097,6.4208216229260096,7.109797541277533,5.749511833283905,5.783244946364939,0.0,0.0,0.0,12,0,0,0,0,0,0,0,0,2,0,14,6,2,0,3,3,0,4,4,2,0,0,0,0,3,4,1,0,4,2,0,0,0,0,1,0,0,0,0,0,0
1.1906,35.142999999999994,55.25194791429672,34.14,128.171,128.083729624,2,0,3,0,2,0,2,9,21,0,0,0,0,0,0,0,0,0,0,0.7142857142857143,6.1009536313038994,3.0747505099002512,2.57733354840719,0.9863179146411347,0.5145195511812306,3.0747505099002512,2.57733354840719,0.9863179146411347,0.5145195511812306,-0.66,8.34,3.38205622475228,3.884959128065395,0.0,11.566489892729878,9.589074368143644,5.917906046161393,27.19203322199788,0.0,0.0,0.0,0.0,0.0,0.0,0.0,9.589074368143644,0.0,0.0,5.917906046161393,27.19203322199788,0.0,0.0,0.0,0.0,11.566489892729878,0.0,9.589074368143644,0.0,0.0,0.0,13.847474399381248,5.917906046161393,13.344558822616634,0.0,0.0,11.566489892729878,0.0,0.0,0.0,7,0,0,0,0,0,0,0,0,2,0,9,6,2,0,0,0,0,3,4,2,0,0,0,0,5,1,3,0,0,0,0,0,0,0,0,0,0,0,0,0,0
2.12652,45.56400000000003,67.05269367712717,17.07,148.205,148.088815004,1,0,3,0,1,0,1,11,23,1,1,0,0,0,0,0,1,0,0,0.3,6.709213198785088,3.8188711464985716,2.690940360914969,1.6714662719452438,0.9803378961376236,3.8188711464985716,2.690940360914969,1.6714662719452438,0.9803378961376236,-1.11,7.991112234580385,3.9146420616231925,2.5400038217994236,0.0,6.286160523129555,11.21535880699783,6.923737199690624,17.547724606320003,24.26546827384644,0.0,0.0,0.0,0.0,0.0,0.0,4.794537184071822,0.0,0.0,0.0,19.765380445542643,0.0,35.392371257240434,0.0,0.0,6.286160523129555,4.794537184071822,0.0,0.0,0.0,0.0,29.828919765543436,18.90801031431363,6.4208216229260096,0.0,6.286160523129555,0.0,0.0,0.0,0.0,10,0,0,0,0,0,0,0,0,1,0,11,4,1,0,3,3,0,3,2,1,0,0,0,0,2,3,0,0,4,2,0,0,0,0,1,0,0,0,0,0,0
0.4468,29.55999999999999,45.16894006083608,22.0,115.15699999999998,115.00918478,2,0,0,0,3,0,3,7,12,1,1,0,0,1,0,0,0,0,0,0.25,4.734907295734661,2.751782345101729,2.274571025143962,1.4939207807607309,0.8614283054428105,1.915229452640586,1.2438644299849955,0.7399492727769628,0.33683316798093227,-0.5700000000000001,4.58552099533437,1.4995195518462698,0.7183972880486792,5.559266895052007,3.9566611082605965,7.04767198267719,0.0,0.0,16.240967022999346,0.0,0.0,0.0,0.0,0.0,11.532486611566675,0.0,0.0,3.9566611082605965,7.04767198267719,0.0,0.0,21.800233918051354,0.0,0.0,11.532486611566675,0.0,8.751198292332418,0.0,0.0,0.0,11.532486611566675,0.0,18.494101821604715,0.0,0.0,0.0,0.0,5.559266895052007,0.0,4,0,0,0,0,1,0,0,1,1,0,7,1,1,0,3,2,0,0,3,2,0,0,0,0,2,0,0,0,3,2,0,0,0,1,0,0,0,0,0,0,0
-8.895300000000017,138.35600000000002,241.02490475492758,353.11,614.6500000000003,614.3122855320001,19,19,9,13,19,0,19,42,88,4,0,4,4,0,3,3,0,1,1,1.0,22.84216876576972,13.884919595826377,11.246515865039784,8.371260831454887,5.742694137315872,13.884919595826377,11.246515865039784,8.371260831454887,5.742694137315872,-0.7600000000000001,34.11963401992747,14.121320888468812,6.6002477270430955,34.40200486297311,171.7271266978001,28.421177722800294,0.0,6.4208216229260096,0.0,0.0,0.0,0.0,0.0,0.0,0.0,64.16686948668523,0.0,0.0,34.40200486297311,122.7058617805031,19.696394776338067,0.0,0.0,0.0,0.0,98.56887434965837,0.0,0.0,0.0,0.0,0.0,6.4208216229260096,25.17319447012107,24.794530010557143,67.14363026523132,18.870080188005637,0.0,0.0,0.0,23,0,0,0,0,0,0,6,0,10,3,42,22,0,0,23,0,0,9,32,19,19,13,0,0,13,6,0,0,4,19,0,0,0,1,3,0,0,0,0,0,0
0.8607999999999998,85.80450000000005,137.78076788790858,86.71000000000001,334.39700000000005,334.09872805599997,6,2,4,2,4,2,7,23,41,3,1,2,2,0,2,2,1,0,0,0.4375,13.669825868486651,8.25128728299451,8.076591116106181,5.770457012115132,4.776534984756248,7.371634471739616,6.30570597673362,4.198926417267647,3.1511383951469205,-2.02,15.859752401338886,5.559882097428595,2.692385835603269,5.316788604006331,49.994678796828254,20.804433175141472,0.0,19.410925891078243,30.33183534230805,0.0,0.0,0.0,0.0,0.0,11.761884949391115,19.49013894705617,0.0,10.216698334856808,0.0,42.47287294678948,0.0,35.89528683400505,0.0,0.0,29.545549696045974,15.323225729697514,9.589074368143644,4.794537184071822,0.0,11.761884949391115,30.33183534230805,19.410925891078243,4.747022453217559,6.4208216229260096,17.45755447126466,0.0,11.814359458703011,0.0,5.969305287951849,16,0,0,0,0,1,0,1,1,4,0,23,8,3,0,11,3,0,4,10,6,2,2,0,0,6,2,2,0,6,6,1,0,1,1,1,0,0,0,0,2,1
4.6592,53.15680000000001,93.74196800610133,20.23,266.33799999999997,263.847003052,1,1,0,1,1,0,6,12,13,1,1,0,0,0,0,0,1,0,0,0.0,9.116680690638367,4.558340345319183,3.808340345319184,3.4434307347924333,1.7217153673962164,2.668517980273047,1.9185179802730463,1.186631558466518,0.593315779233259,0.46999999999999986,10.550192461908578,3.68572552572852,1.5681178591367897,0.0,5.106527394840706,0.0,0.0,0.0,0.0,25.11316656870663,0.0,0.0,0.0,5.749511833283905,58.00469945116258,5.106527394840706,0.0,0.0,0.0,0.0,0.0,25.11316656870663,0.0,5.749511833283905,58.00469945116258,5.106527394840706,0.0,0.0,0.0,0.0,58.00469945116258,0.0,0.0,15.067899941223978,10.045266627482652,5.749511833283905,0.0,0.0,0.0,6,0,5,0,0,0,0,0,0,1,0,12,6,0,0,3,3,0,0,2,1,1,1,0,0,6,0,0,0,0,6,0,0,0,0,1,0,0,0,0,0,0
0.1526999999999996,72.98680000000003,122.03412515928066,99.13000000000002,298.291,298.105252916,7,1,10,1,7,0,7,21,39,0,0,0,0,0,0,0,0,0,0,0.35714285714285715,11.57850161415785,5.91198187874199,4.0936185036752,2.3972518964114076,1.1113750090930927,5.91198187874199,4.0936185036752,2.3972518964114076,1.1113750090930927,-2.41,18.59,9.486939907479425,7.070351617689109,0.0,49.44197111674792,28.59420041361561,5.41499046939678,0.0,37.96486737129713,0.0,0.0,0.0,0.0,0.0,0.0,33.70072780845632,0.0,0.0,5.41499046939678,0.0,26.427527858051672,37.96486737129713,0.0,0.0,17.90791586385555,19.31711625624085,0.0,14.383611552215466,0.0,0.0,19.73680705079549,0.0,18.228060320501644,12.021872433909698,19.820645893538753,0.0,0.0,0.0,17.90791586385555,14,0,0,0,0,0,0,0,0,7,0,21,14,6,0,0,0,0,10,14,7,1,1,0,0,7,10,3,1,0,0,0,0,0,0,0,0,0,0,0,0,0
2.4879000000000007,46.30200000000003,67.80021493954504,17.07,150.221,150.104465068,1,0,2,0,1,0,1,11,25,1,0,0,1,0,0,0,0,0,1,0.5,6.9687262227789315,4.033579316758091,3.2145437230292417,2.2943301791148905,1.4090665302303935,4.033579316758091,3.2145437230292417,2.2943301791148905,1.4090665302303935,-0.85,8.248522167487685,3.5146720351602596,2.0380175146227497,0.0,6.286160523129555,4.794537184071822,5.917906046161393,26.186202068468653,23.801164850570913,0.0,0.0,0.0,0.0,0.0,0.0,4.794537184071822,0.0,0.0,5.917906046161393,26.186202068468653,0.0,23.801164850570913,0.0,0.0,6.286160523129555,0.0,4.794537184071822,0.0,0.0,0.0,18.228060320501644,37.67721264469931,0.0,0.0,6.286160523129555,0.0,0.0,0.0,0.0,10,0,0,0,0,0,0,0,0,1,0,11,3,2,0,5,1,0,2,2,1,0,0,0,0,3,1,1,0,4,2,0,0,0,0,1,0,0,0,0,0,0
2.905800000000001,57.84250000000003,88.12850676950826,26.3,198.22099999999998,198.06807956,2,0,2,0,2,0,2,15,25,2,2,0,0,0,0,0,2,0,0,0.0,8.089999272823986,4.683739640741714,3.068597484550812,1.9632453270864911,1.2287358782344073,4.683739640741714,3.068597484550812,1.9632453270864911,1.2287358782344073,-2.0899999999999994,9.464452702776038,4.419468990214426,2.43654431920468,4.736862953800049,5.969305287951849,0.0,0.0,10.357988675768818,60.6636706846161,0.0,0.0,0.0,0.0,5.749511833283905,0.0,9.53140013787187,0.0,0.0,0.0,0.0,0.0,66.2271221763131,0.0,5.749511833283905,5.969305287951849,4.736862953800049,0.0,4.794537184071822,0.0,0.0,36.39820241076966,24.26546827384644,0.0,5.563451491696996,5.749511833283905,0.0,0.0,0.0,5.969305287951849,13,0,0,0,0,0,0,0,0,2,0,15,3,1,0,6,6,0,2,4,2,0,0,0,0,1,1,1,0,10,2,0,0,0,0,2,0,0,0,0,0,0
1.428,36.21000000000001,54.32280944833394,17.07,120.15099999999995,120.057514876,1,0,2,0,1,0,1,9,17,1,1,0,0,0,0,0,1,0,0,0.125,5.079456686788165,2.9081875439756124,1.8563893715520874,1.161860255806338,0.7103183795285827,2.9081875439756124,1.8563893715520874,1.161860255806338,0.7103183795285827,-1.11,6.016742712294044,3.0244491668575164,1.6843966032832334,0.0,6.286160523129555,11.21535880699783,0.0,5.563451491696996,30.33183534230805,0.0,0.0,0.0,0.0,0.0,0.0,4.794537184071822,0.0,0.0,0.0,6.4208216229260096,0.0,35.89528683400505,0.0,0.0,6.286160523129555,4.794537184071822,0.0,0.0,0.0,0.0,30.33183534230805,5.563451491696996,6.4208216229260096,0.0,6.286160523129555,0.0,0.0,0.0,0.0,8,0,0,0,0,0,0,0,0,1,0,9,2,1,0,3,3,0,2,2,1,0,0,0,0,1,2,0,0,5,1,0,0,0,0,1,0,0,0,0,0,0
1.8181,40.82700000000002,60.687751562730554,17.07,134.17799999999997,134.07316494,1,0,3,0,1,0,1,10,20,1,1,0,0,0,0,0,1,0,0,0.2222222222222222,5.786563467974714,3.4081875439756124,2.190940360914969,1.3936884941674663,0.870269469607903,3.4081875439756124,2.190940360914969,1.3936884941674663,0.870269469607903,-1.11,7.0024859392575936,3.8293306145149733,2.015552207946398,0.0,6.286160523129555,11.21535880699783,0.0,11.984273114623004,30.33183534230805,0.0,0.0,0.0,0.0,0.0,0.0,4.794537184071822,0.0,0.0,0.0,12.841643245852019,0.0,35.89528683400505,0.0,0.0,6.286160523129555,4.794537184071822,0.0,0.0,0.0,0.0,30.33183534230805,11.984273114623004,6.4208216229260096,0.0,6.286160523129555,0.0,0.0,0.0,0.0,9,0,0,0,0,0,0,0,0,1,0,10,3,1,0,3,3,0,3,2,1,0,0,0,0,1,3,0,0,5,1,0,0,0,0,1,0,0,0,0,0,0
2.6079000000000008,50.125500000000024,76.83574683531717,26.3,174.19899999999998,174.06807956,2,0,1,0,2,0,2,13,23,2,1,0,1,0,0,1,1,0,0,0.18181818181818182,7.410354708062404,4.343752911130645,2.9117265389708655,2.0046112115704235,1.4228233053716912,4.343752911130645,2.9117265389708655,2.0046112115704235,1.4228233053716912,-1.5699999999999998,8.047715036869382,3.0529023955834815,1.2419168620478132,0.0,5.969305287951849,4.736862953800049,0.0,29.265998990082444,30.34148838068032,0.0,5.759164871656176,0.0,0.0,0.0,0.0,9.53140013787187,0.0,0.0,0.0,13.344558822616634,0.0,41.468391364074314,0.0,0.0,11.728470159608026,4.736862953800049,0.0,4.794537184071822,0.0,0.0,25.122838405075452,18.5632087982215,5.563451491696996,5.563451491696996,5.759164871656176,0.0,0.0,0.0,5.969305287951849,11,0,0,0,0,0,0,0,0,1,1,13,2,2,0,7,3,0,1,4,2,0,0,0,0,2,2,0,0,5,4,0,0,0,1,1,0,0,0,0,2,1
1.0816,24.236999999999995,36.651051100443475,12.89,79.10199999999998,79.04219916,1,0,0,0,1,0,1,6,11,1,1,0,0,1,0,0,0,0,0,0.0,3.333964941448087,1.8497311128276561,1.024563864689584,0.5664874085517706,0.31260202740993526,1.8497311128276561,1.024563864689584,0.5664874085517706,0.31260202740993526,-0.8500000000000001,3.3441747572815532,1.5525827127910268,0.5490008483363183,0.0,4.9839785209472085,0.0,0.0,0.0,30.592788348610984,0.0,0.0,0.0,0.0,0.0,0.0,0.0,0.0,4.9839785209472085,0.0,0.0,0.0,30.592788348610984,0.0,0.0,0.0,0.0,4.9839785209472085,0.0,0.0,0.0,6.06636706846161,12.13273413692322,12.393687143226153,0.0,0.0,0.0,0.0,0.0,0.0,5,0,0,0,0,0,0,0,1,0,0,6,0,0,0,3,3,0,0,1,1,0,0,0,0,0,0,0,0,6,0,0,0,0,0,1,0,0,0,0,0,0
-8.161100000000012,132.91889999999998,227.89600908199648,336.43,581.5800000000003,581.2656696880001,19,16,9,12,15,0,19,40,79,3,0,3,3,0,2,2,0,1,1,0.8571428571428571,21.742925707608382,12.377427034135208,9.89126820842522,7.336520443015412,5.079629558855031,12.377427034135208,9.89126820842522,7.336520443015412,5.079629558855031,-2.27,32.24716440618017,12.713947053534865,6.00299760394404,28.251458512655073,158.84783961852497,23.741988999272017,0.0,6.923737199690624,9.984809465271338,0.0,0.0,0.0,0.0,0.0,0.0,59.48768076315695,0.0,5.316788604006331,32.919479373920076,98.16606144652333,13.654553947190108,0.0,0.0,0.0,18.205269660617226,82.94460209174021,4.794537184071822,9.984809465271338,0.0,0.0,0.0,13.971409182367815,0.0,18.75268918140918,60.91541276028233,36.38637393027133,0.0,0.0,0.0,21,0,0,0,0,0,0,7,0,10,2,40,22,3,0,17,0,0,9,31,19,16,12,0,0,14,7,2,0,2,14,1,0,0,1,2,0,0,0,0,0,0
-0.08379999999999999,42.2276,64.87196040593747,86.18,172.20899999999997,172.030648496,4,4,1,2,3,0,5,11,19,1,1,0,0,0,0,0,1,0,0,0.0,6.50534306745707,4.429521556523074,3.675467919534713,2.137863785973645,1.172945984666705,2.883202078601512,2.1140448620671264,1.2086325525620765,0.6575061586928512,-1.07,8.030704934541792,2.5192903206703843,1.9239700742334507,10.872641214770127,8.417796984328938,10.023291153407584,0.0,0.0,29.160951749364216,0.0,0.0,0.0,5.687386274683562,0.0,0.0,8.417796984328938,0.0,0.0,5.138973737607942,4.895483475517775,5.733667477162185,24.26546827384644,0.0,0.0,15.710677428091145,5.733667477162185,0.0,13.556770721936878,0.0,0.0,0.0,24.26546827384644,5.687386274683562,4.895483475517775,0.0,0.0,10.023291153407584,0.0,0.0,6,0,0,0,0,1,0,2,0,2,0,11,3,2,0,3,3,0,1,6,4,4,2,0,0,4,0,0,1,4,2,0,0,0,0,1,0,0,0,0,0,0
5.2581000000000016,82.542,134.5721223833321,49.33,351.0160000000001,348.923089184,3,2,2,2,2,1,7,20,27,2,2,0,0,0,0,0,2,0,0,0.0,12.77778690802268,6.838252191129111,5.5248275236633475,3.6956361262941133,2.3028899085394317,5.326394299092202,3.866791362969544,2.4502734684769485,1.511383978951339,-1.1299999999999994,15.262485731993742,6.101844697795464,3.30222136375284,5.316788604006331,11.013707124192212,0.0,0.0,10.357988675768818,30.33183534230805,20.090533254965305,0.0,0.0,5.687386274683562,5.749511833283905,46.40375956093006,9.901064578912528,0.0,0.0,0.0,0.0,5.316788604006331,55.98582008897034,0.0,5.749511833283905,57.998325564965135,10.423315998847038,4.794537184071822,0.0,0.0,0.0,46.40375956093006,30.33183534230805,10.710019588424888,20.631351432920976,5.749511833283905,0.0,0.0,5.907179729351506,0.0,13,0,4,0,0,0,0,1,0,2,0,20,8,1,0,6,6,0,2,5,3,2,2,0,0,6,1,1,0,5,7,0,0,0,0,2,0,0,0,0,0,0
2.0608,67.75200000000002,92.44737157170921,6.48,240.44400000000002,239.988332384,2,0,0,0,4,0,6,12,24,0,0,0,0,0,0,0,0,0,0,0.6666666666666666,10.793406676566272,6.185557720282969,5.884299497010164,5.073827930357984,2.5956096366685335,3.2192312250941826,2.4873360870032757,0.9145403910008584,0.22035968899697111,0.4799999999999999,12.480000000000002,6.013500198406644,5.18320245841735,0.0,46.631575563527655,0.0,0.0,0.0,0.0,0.0,0.0,0.0,0.0,0.0,46.023542838866845,0.0,0.0,9.799819461700956,0.0,0.0,28.19068793070876,0.0,0.0,0.0,54.66461100998478,9.799819461700956,0.0,0.0,0.0,0.0,24.43574688609339,21.587795952773448,28.19068793070876,0.0,8.641068171117942,0.0,0.0,0.0,0.0,6,0,0,0,0,4,0,2,0,0,0,12,9,2,0,0,0,0,0,2,2,0,0,0,0,6,2,4,0,0,0,0,0,0,0,0,0,0,0,0,0,0
-0.7305999999999999,26.945599999999992,42.21266942441651,40.46,108.16200000000002,108.024500496,2,2,2,3,3,0,3,6,14,0,0,0,0,0,0,0,0,0,0,1.0,4.22763180906251,2.339606534742239,1.384120249605145,0.8429964118654126,0.1732050807568877,1.7071510027085632,1.0189718779350343,0.42149820593270626,0.05773502691896257,0.26999999999999996,6.27,3.4597533206831117,2.504192037470726,0.0,28.67675674868942,0.0,0.0,0.0,0.0,0.0,0.0,0.0,0.0,0.0,12.628789148012991,10.213054789681411,0.0,0.0,0.0,6.103966387748303,12.359735571259707,0.0,0.0,0.0,12.628789148012991,10.213054789681411,0.0,0.0,12.628789148012991,0.0,0.0,0.0,5.752853606746789,12.71084835226122,0.0,0.0,0.0,0.0,0.0,3,0,0,0,0,1,0,0,0,2,0,6,5,0,0,0,0,0,2,4,2,2,2,0,0,3,2,1,0,0,0,0,0,0,0,0,0,0,0,0,0,0
1.5416,30.111999999999988,44.035880667672096,17.07,98.14499999999998,98.07316494,1,0,3,0,1,0,1,7,17,0,0,0,0,0,0,0,0,0,0,0.5,4.554512660405836,2.5177239987125937,1.3529102482081583,0.6699919848812727,0.3184472670871599,2.5177239987125937,1.3529102482081583,0.6699919848812727,0.3184472670871599,-0.5900000000000001,6.41,5.41,5.409999999999999,0.0,6.286160523129555,4.794537184071822,0.0,19.765380445542643,12.152040213667762,0.0,0.0,0.0,0.0,0.0,0.0,4.794537184071822,0.0,0.0,0.0,19.765380445542643,0.0,12.152040213667762,0.0,0.0,6.286160523129555,0.0,4.794537184071822,0.0,0.0,0.0,19.420578929450514,12.49684172975989,0.0,0.0,6.286160523129555,0.0,0.0,0.0,0.0,6,0,0,0,0,0,0,0,0,1,0,7,4,2,0,0,0,0,3,2,1,0,0,0,0,2,5,0,0,0,0,0,0,0,0,0,0,0,0,0,0,0
1.70922,39.395800000000015,60.06906632999306,29.46,138.166,138.06807956,2,1,1,1,2,0,2,10,20,1,1,0,0,0,0,0,1,0,0,0.25,6.087512693532699,3.074013105158359,2.175303162876071,1.3352245969680763,0.7848439686222127,3.074013105158359,2.175303162876071,1.3352245969680763,0.7848439686222127,-1.1800000000000002,6.933378684807257,2.60339789453191,1.2095233527616807,4.736862953800049,12.216324936118239,0.0,6.923737199690624,5.563451491696996,18.19910120538483,0.0,0.0,0.0,0.0,11.49902366656781,0.0,9.843390348640755,0.0,0.0,0.0,6.923737199690624,7.109797541277533,23.762552697081826,0.0,11.49902366656781,0.0,9.843390348640755,0.0,0.0,0.0,0.0,6.06636706846161,24.61992282831084,0.0,7.109797541277533,0.0,11.49902366656781,0.0,0.0,0.0,8,0,0,0,0,0,0,0,0,2,0,10,4,0,0,3,3,0,1,4,2,1,1,0,0,3,1,0,0,3,3,0,0,0,0,1,0,0,0,0,0,0
1.8978,42.99850000000002,65.80129679223744,26.3,150.17699999999996,150.06807956,2,0,2,0,2,0,2,11,21,1,1,0,0,0,0,0,1,0,0,0.2222222222222222,6.62589765768623,3.3878637859736447,2.284687758070158,1.4965448014691254,0.8257267278168954,3.3878637859736447,2.284687758070158,1.4965448014691254,0.8257267278168954,-1.31,7.793199174406604,3.191164645691246,1.802305551397824,4.736862953800049,12.893042487642472,0.0,0.0,17.28172587545944,24.26546827384644,0.0,0.0,0.0,0.0,5.749511833283905,0.0,9.53140013787187,0.0,0.0,0.0,6.923737199690624,7.109797541277533,29.828919765543436,0.0,5.749511833283905,5.783244946364939,4.736862953800049,4.794537184071822,0.0,0.0,0.0,0.0,31.189205473537065,5.563451491696996,7.109797541277533,5.749511833283905,5.783244946364939,0.0,0.0,0.0,9,0,0,0,0,0,0,0,0,2,0,11,4,1,0,3,3,0,2,4,2,0,0,0,0,3,1,1,0,4,2,0,0,0,0,1,0,0,0,0,0,0
2.10142,47.22100000000001,69.44434868968159,30.21,160.172,160.052429496,2,0,0,0,2,0,2,12,20,2,2,0,0,1,0,0,1,0,0,0.1,6.703247926875856,3.7610899099313397,2.7957114075377905,1.774813882611415,1.1912878572930334,3.7610899099313397,2.7957114075377905,1.774813882611415,1.1912878572930334,-1.5699999999999998,7.099295165750825,2.482514050089481,1.1149835727166937,5.625586319077987,0.0,0.0,6.923737199690624,5.563451491696996,39.54352346343322,0.0,10.969244356107037,0.0,0.0,0.0,0.0,4.417150937053347,0.0,0.0,0.0,6.923737199690624,0.0,46.31541033715485,0.0,0.0,10.969244356107037,4.417150937053347,0.0,4.794537184071822,0.0,0.0,11.629818560158606,25.122838405075452,11.452591282926406,0.0,5.583020141642242,0.0,0.0,0.0,5.625586319077987,10,0,0,0,0,0,0,0,0,1,1,12,1,1,0,6,5,0,0,4,2,0,0,0,0,2,0,0,0,6,4,0,0,0,0,2,0,0,0,0,2,1
2.2888,46.157000000000025,66.3630906449429,17.07,146.189,146.07316494,1,0,2,0,1,0,1,11,21,1,1,0,0,0,0,0,1,0,0,0.1,6.4497001747912455,3.512411266702914,2.416889235874417,1.3798025706509902,0.8461763660673782,3.512411266702914,2.416889235874417,1.3798025706509902,0.8461763660673782,-1.37,7.733842159916925,3.7145006798174434,2.3781056866075,0.0,6.286160523129555,4.794537184071822,0.0,12.487188691387619,35.90493987237732,0.0,6.076020106833881,0.0,0.0,0.0,0.0,4.794537184071822,0.0,0.0,0.0,6.923737199690624,0.0,41.468391364074314,0.0,0.0,12.362180629963436,0.0,4.794537184071822,0.0,0.0,0.0,30.33183534230805,24.13631332829077,0.0,0.0,6.286160523129555,0.0,0.0,0.0,0.0,10,0,0,0,0,0,0,0,0,1,0,11,3,2,0,3,3,0,2,2,1,0,0,0,0,2,2,1,0,5,1,0,0,0,0,1,0,0,0,0,0,0
3.8492000000000033,64.62500000000004,91.82285910252936,17.07,202.297,202.135765196,1,0,6,0,1,0,1,15,33,1,1,0,0,0,0,0,1,0,0,0.35714285714285715,9.278127299537436,5.573071438482734,3.7048940383352007,2.372014499589848,1.507579323577983,5.573071438482734,3.7048940383352007,2.372014499589848,1.507579323577983,-1.37,11.703367571533382,6.992698830807922,4.59161276944722,0.0,6.286160523129555,4.794537184071822,0.0,38.17047518309165,35.90493987237732,0.0,6.076020106833881,0.0,0.0,0.0,0.0,4.794537184071822,0.0,0.0,0.0,32.60702369139466,0.0,41.468391364074314,0.0,0.0,12.362180629963436,0.0,4.794537184071822,0.0,0.0,0.0,50.09721578785069,30.05421937445216,0.0,0.0,6.286160523129555,0.0,0.0,0.0,0.0,14,0,0,0,0,0,0,0,0,1,0,15,7,2,0,3,3,0,6,2,1,0,0,0,0,2,6,1,0,5,1,0,0,0,0,1,0,0,0,0,0,0
1.1874999999999998,38.91680000000001,60.06906632999306,29.46,138.166,138.06807956,2,1,2,1,2,0,2,10,20,1,1,0,0,0,0,0,1,0,0,0.25,5.871969743908872,3.109503861495533,1.9699607189705397,1.3628673713817308,0.8335913144599422,3.109503861495533,1.9699607189705397,1.3628673713817308,0.8335913144599422,-1.02,7.091358574610246,3.2248465665342856,1.2771545289510258,4.736862953800049,12.216324936118239,6.606881964512918,0.0,5.563451491696996,24.26546827384644,0.0,0.0,0.0,0.0,5.749511833283905,0.0,9.843390348640755,0.0,0.0,0.0,6.606881964512918,7.109797541277533,29.828919765543436,0.0,5.749511833283905,0.0,9.843390348640755,0.0,0.0,0.0,0.0,18.19910120538483,6.06636706846161,5.563451491696996,13.716679505790452,5.749511833283905,0.0,0.0,0.0,0.0,8,0,0,0,0,0,0,0,0,2,0,10,4,0,0,3,3,0,2,4,2,1,1,0,0,2,2,0,0,4,2,0,0,0,0,1,0,0,0,0,0,0
1.3848,33.4013,52.75210108613335,37.3,122.12299999999996,122.036779432,2,1,1,1,1,0,2,9,15,1,1,0,0,0,0,0,1,0,0,0.0,4.7422132319119505,2.5884145455048704,1.671177968192922,1.0207396434199782,0.5807298335466442,2.5884145455048704,1.671177968192922,1.0207396434199782,0.5807298335466442,-1.31,5.820039011703511,2.306763635550358,1.2877050319358112,0.0,11.075832682792555,0.0,0.0,10.357988675768818,30.33183534230805,0.0,0.0,0.0,0.0,0.0,0.0,9.901064578912528,0.0,0.0,0.0,0.0,0.0,35.89528683400505,0.0,0.0,5.969305287951849,5.106527394840706,0.0,4.794537184071822,0.0,0.0,18.19910120538483,12.13273413692322,0.0,5.563451491696996,0.0,0.0,0.0,0.0,5.969305287951849,7,0,0,0,0,0,0,0,0,2,0,9,2,1,0,3,3,0,1,4,2,1,1,0,0,2,0,1,0,5,1,0,0,0,0,1,0,0,0,0,0,0
3.443200000000002,71.71400000000004,106.53373008051383,26.3,238.286,238.099379688,2,0,4,0,2,0,2,18,32,2,2,0,0,0,0,0,2,0,0,0.0625,9.951806592389786,5.782527623220828,3.8373262238334442,2.4353576887880832,1.5052273775414102,5.782527623220828,3.8373262238334442,2.4353576887880832,1.5052273775414102,-2.349999999999999,12.116051637222805,6.401220913530594,3.9052731206057327,0.0,5.969305287951849,16.13828210238479,0.0,11.126902983393991,66.73969079144999,0.0,6.076020106833881,0.0,0.0,0.0,0.0,9.53140013787187,0.0,0.0,0.0,6.606881964512918,0.0,77.86659377484399,0.0,0.0,12.045325394785731,4.736862953800049,0.0,4.794537184071822,0.0,0.0,60.6636706846161,17.202923090227873,6.076020106833881,0.0,6.606881964512918,0.0,0.0,0.0,5.969305287951849,16,0,0,0,0,0,0,0,0,2,0,18,5,2,0,6,6,0,4,4,2,0,0,0,0,1,4,1,0,10,2,0,0,0,0,2,0,0,0,0,0,0
2.749200000000001,63.66830000000003,99.28768263610088,46.53,228.24699999999999,228.078644244,3,1,3,1,3,0,3,17,29,2,2,0,0,0,0,0,2,0,0,0.07142857142857142,9.166969380320866,5.262117485114515,3.5788802312474406,2.3367180029014656,1.4471190133967031,5.262117485114515,3.5788802312474406,2.3367180029014656,1.4471190133967031,-2.2899999999999996,11.203022603757393,5.163787455051142,2.8441145992891728,0.0,11.075832682792555,11.343744918312968,0.0,15.921440167465814,54.59730361615449,0.0,0.0,0.0,0.0,5.749511833283905,0.0,14.637927532712578,0.0,0.0,0.0,6.606881964512918,0.0,65.72420659954848,0.0,5.749511833283905,5.969305287951849,9.843390348640755,0.0,4.794537184071822,0.0,0.0,42.46456947923127,17.696185628620217,0.0,0.0,17.919845289493818,0.0,0.0,0.0,5.969305287951849,14,0,0,0,0,0,0,0,0,3,0,17,5,1,0,6,6,0,3,6,3,1,1,0,0,2,2,1,0,9,3,0,0,0,0,2,0,0,0,0,0,0
3.0436000000000014,62.00350000000004,94.49344888390488,26.3,212.248,212.083729624,2,0,3,0,2,0,2,16,28,2,2,0,0,0,0,0,2,0,0,0.07142857142857142,8.797106054010534,5.121844020697869,3.4277565765980063,2.2222457898845973,1.3806850731217148,5.121844020697869,3.4277565765980063,2.2222457898845973,1.3806850731217148,-2.0899999999999994,10.42855960264156,5.121140695118211,2.7009160415731115,0.0,5.969305287951849,11.343744918312968,0.0,15.921440167465814,60.6636706846161,0.0,0.0,0.0,0.0,0.0,0.0,9.53140013787187,0.0,0.0,0.0,6.606881964512918,0.0,71.7905736680101,0.0,0.0,5.969305287951849,4.736862953800049,0.0,4.794537184071822,0.0,0.0,48.53093654769288,17.696185628620217,0.0,5.563451491696996,6.606881964512918,0.0,0.0,0.0,5.969305287951849,14,0,0,0,0,0,0,0,0,2,0,16,4,1,0,6,6,0,3,4,2,0,0,0,0,1,2,1,0,10,2,0,0,0,0,2,0,0,0,0,0,0
0.7787999999999999,21.993799999999997,32.62831112321538,20.23,74.12299999999999,74.07316494,1,1,2,1,1,0,1,5,15,0,0,0,0,0,0,0,0,0,0,1.0,3.5685339390596003,2.0233345472033855,1.0771601883432524,0.5116672736016926,0.15811388300841892,2.0233345472033855,1.0771601883432524,0.5116672736016926,0.15811388300841892,-0.04,4.960000000000001,3.9600000000000004,3.9600000000000004,0.0,11.713409359353623,0.0,0.0,19.765380445542643,0.0,0.0,0.0,0.0,0.0,0.0,0.0,5.106527394840706,0.0,0.0,0.0,19.765380445542643,6.606881964512918,0.0,0.0,0.0,0.0,5.106527394840706,0.0,0.0,0.0,0.0,13.344558822616634,6.4208216229260096,6.606881964512918,0.0,0.0,0.0,0.0,0.0,0.0,4,0,0,0,0,0,0,0,0,1,0,5,4,0,0,0,0,0,2,2,1,1,1,0,0,2,3,0,0,0,0,0,0,0,0,0,0,0,0,0,0,0
2.9579000000000013,48.51000000000003,69.49564912525854,17.07,154.253,154.135765196,1,0,5,0,1,0,1,11,29,0,0,0,0,0,0,0,0,0,0,0.7,7.761619441592384,4.2347208260354074,3.3663653261959046,1.710645776181801,0.9386438215992435,4.2347208260354074,3.3663653261959046,1.710645776181801,0.9386438215992435,-0.5900000000000001,10.41,6.141580603517088,7.305232587896465,0.0,6.286160523129555,4.794537184071822,5.917906046161393,40.0336764678499,11.64912463690315,0.0,0.0,0.0,0.0,0.0,0.0,4.794537184071822,0.0,0.0,5.917906046161393,40.0336764678499,0.0,11.64912463690315,0.0,0.0,6.286160523129555,4.794537184071822,0.0,0.0,0.0,0.0,18.572861836593773,32.60702369139466,6.4208216229260096,0.0,6.286160523129555,0.0,0.0,0.0,0.0,10,0,0,0,0,0,0,0,0,1,0,11,8,2,0,0,0,0,5,2,1,0,0,0,0,4,5,2,0,0,0,0,0,0,0,0,0,0,0,0,0,0
3.502500000000002,59.627000000000045,86.14752002031699,17.07,190.28599999999994,190.135765196,1,0,4,0,1,0,1,14,32,1,1,0,0,0,0,0,1,0,0,0.46153846153846156,9.156806955977792,5.182967123127664,4.124783702398708,2.6219477214398954,1.489864654033803,5.182967123127664,4.124783702398708,2.6219477214398954,1.489864654033803,-1.11,10.967579519006982,4.94286005887011,2.6924701468938896,0.0,6.286160523129555,4.794537184071822,0.0,50.15474829771466,24.26546827384644,0.0,0.0,0.0,0.0,0.0,0.0,4.794537184071822,0.0,0.0,0.0,39.02784531432067,0.0,35.392371257240434,0.0,0.0,6.286160523129555,4.794537184071822,0.0,0.0,0.0,0.0,45.03667987291831,22.96271507571678,6.4208216229260096,0.0,6.286160523129555,0.0,0.0,0.0,0.0,13,0,0,0,0,0,0,0,0,1,0,14,7,1,0,3,3,0,4,2,1,0,0,0,0,4,2,2,0,4,2,0,0,0,0,1,0,0,0,0,0,0
3.4342000000000024,60.05900000000003,86.20543825055061,17.07,190.28599999999997,190.135765196,1,0,2,0,1,0,1,14,32,1,0,0,1,0,0,0,0,0,1,0.46153846153846156,9.424756148408914,5.037293031334987,4.412640020780649,2.6315679077267373,2.01203482872206,5.037293031334987,4.412640020780649,2.6315679077267373,2.01203482872206,-1.11,10.967579519006982,3.9516065651044285,2.032960205713462,0.0,5.783244946364939,4.794537184071822,5.41499046939678,34.11577042168851,35.45028948747406,0.0,0.0,0.0,0.0,0.0,0.0,4.794537184071822,0.0,0.0,5.41499046939678,34.11577042168851,0.0,35.45028948747406,0.0,0.0,5.783244946364939,0.0,4.794537184071822,0.0,0.0,0.0,32.075534719882896,37.332411128607184,5.573104530069267,0.0,0.0,5.783244946364939,0.0,0.0,0.0,13,0,0,0,0,0,0,0,0,1,0,14,6,2,0,4,2,0,2,2,1,0,0,0,0,5,2,1,0,3,2,1,0,0,0,1,0,0,0,0,0,0
2.04,58.35500000000003,94.17119046497793,52.60000000000001,222.23999999999995,222.089208928,4,0,4,0,4,0,4,16,30,1,1,0,0,0,0,0,1,0,0,0.3333333333333333,9.356607800987051,5.135410681680073,2.986524142897679,1.9177556725224845,1.256806359818137,5.135410681680073,2.986524142897679,1.9177556725224845,1.256806359818137,-1.8399999999999999,12.230621468926552,5.900534456325564,2.823480898816076,0.0,25.152374504929536,9.473725907600098,0.0,34.56345175091888,24.26546827384644,0.0,0.0,0.0,0.0,0.0,0.0,19.06280027574374,0.0,0.0,0.0,13.847474399381248,13.213763929025836,35.392371257240434,0.0,0.0,11.938610575903699,9.473725907600098,0.0,9.589074368143644,0.0,0.0,12.13273413692322,25.980208536304467,0.0,24.340666912419827,0.0,0.0,0.0,0.0,11.938610575903699,12,0,0,0,0,0,0,0,0,4,0,16,8,2,0,3,3,0,4,8,4,0,0,0,0,4,4,2,0,4,2,0,0,0,0,1,0,0,0,0,0,0
-0.005299999999999971,19.990399999999998,28.478447345802074,17.07,78.136,78.013935812,1,0,0,0,1,0,2,4,10,0,0,0,0,0,0,0,0,0,0,1.0,3.632993161855452,2.949489742783178,2.224744871391589,0.0,0.0,0.9831632475943929,0.7415816237971965,0.0,0.0,0.14999999999999997,4.150000000000002,1.4674603174603182,126.37222222222238,0.0,16.720436859187277,10.799569042904308,0.0,0.0,0.0,0.0,0.0,0.0,0.0,0.0,0.0,4.208898492164469,0.0,0.0,0.0,0.0,12.511538367022808,0.0,0.0,0.0,10.799569042904308,0.0,4.208898492164469,0.0,0.0,0.0,0.0,0.0,23.311107409927118,0.0,0.0,0.0,0.0,0.0,0.0,2,0,0,0,0,1,0,0,0,1,0,4,2,1,0,0,0,0,0,2,1,0,0,0,0,3,0,1,0,0,0,0,0,0,0,0,0,0,0,0,0,0
3.308900000000002,45.91200000000003,63.63869283950128,0.0,136.238,136.125200512,0,0,1,0,0,0,0,10,26,1,0,0,1,0,0,0,0,0,1,0.6,6.983127663125442,4.009201921767763,3.368130306120973,2.3348909117743473,1.4128424251168994,4.009201921767763,3.368130306120973,2.3348909117743473,1.4128424251168994,-0.52,7.585485232067512,3.0462804076265617,1.7285097165599768,0.0,0.0,0.0,5.917906046161393,33.10993926815928,23.801164850570913,0.0,0.0,0.0,0.0,0.0,0.0,0.0,0.0,0.0,5.917906046161393,33.10993926815928,0.0,23.801164850570913,0.0,0.0,0.0,0.0,0.0,0.0,0.0,0.0,23.801164850570913,39.02784531432067,0.0,0.0,0.0,0.0,0.0,0.0,0.0,10,0,0,0,0,0,0,0,0,0,0,10,3,1,0,5,1,0,1,0,0,0,0,0,0,3,0,1,0,4,2,0,0,0,0,1,0,0,0,0,0,0
1.6034,44.66330000000002,70.59553054443344,46.53,166.176,166.06299418,3,1,3,1,3,0,3,12,22,1,1,0,0,0,0,0,1,0,0,0.2222222222222222,6.780218034372736,3.6859241254661854,2.278025913877824,1.419787986155948,0.8751362023275726,3.6859241254661854,2.278025913877824,1.419787986155948,0.8751362023275726,-1.51,8.585328884652048,3.7588733548338538,1.7515801479920028,4.736862953800049,17.99956988248318,0.0,0.0,17.28172587545944,18.19910120538483,0.0,0.0,0.0,0.0,11.49902366656781,0.0,14.637927532712576,0.0,0.0,0.0,6.923737199690624,6.606881964512918,23.762552697081826,0.0,11.49902366656781,6.286160523129555,9.843390348640755,4.794537184071822,0.0,0.0,0.0,0.0,25.122838405075452,5.563451491696996,6.606881964512918,6.286160523129555,11.49902366656781,0.0,0.0,0.0,9,0,0,0,0,0,0,0,0,3,0,12,5,1,0,3,3,0,3,6,3,1,1,0,0,3,3,0,0,3,3,0,0,0,0,1,0,0,0,0,0,0
-1.6681000000000001,20.1784,35.851836513210806,60.69,92.09400000000001,92.047344116,3,3,2,3,3,0,3,6,14,0,0,0,0,0,0,0,0,0,0,1.0,3.3332046180625943,1.7071510027085632,1.0189718779350343,0.42149820593270626,0.05773502691896257,1.7071510027085632,1.0189718779350343,0.42149820593270626,0.05773502691896257,-0.12,5.88,3.0849180327868857,2.1377319587628865,0.0,34.63731250129626,0.0,0.0,0.0,0.0,0.0,0.0,0.0,0.0,0.0,0.0,15.319582184522117,0.0,0.0,0.0,6.103966387748303,13.213763929025836,0.0,0.0,0.0,0.0,15.319582184522117,0.0,0.0,0.0,0.0,0.0,0.0,0.0,13.213763929025836,6.103966387748303,0.0,0.0,0.0,0.0,3,0,0,0,0,0,0,0,0,3,0,6,5,0,0,0,0,0,2,6,3,3,3,0,0,3,2,1,0,0,0,0,0,0,0,0,0,0,0,0,0,0
2.5866000000000007,29.81599999999998,40.563961599812586,0.0,86.178,86.109550448,0,0,3,0,0,0,0,6,20,0,0,0,0,0,0,0,0,0,0,1.0,4.82842712474619,2.914213562373095,1.707106781186547,0.9571067811865472,0.49999999999999983,2.914213562373095,1.707106781186547,0.9571067811865472,0.49999999999999983,0.0,6.0,5.0,4.0,0.0,0.0,0.0,0.0,39.53076089108528,0.0,0.0,0.0,0.0,0.0,0.0,0.0,0.0,0.0,0.0,0.0,39.53076089108528,0.0,0.0,0.0,0.0,0.0,0.0,0.0,0.0,0.0,0.0,39.53076089108528,0.0,0.0,0.0,0.0,0.0,0.0,0.0,0.0,6,0,0,0,0,0,0,0,0,0,0,6,5,0,0,0,0,0,3,0,0,0,0,0,0,2,4,0,0,0,0,0,0,0,0,0,0,0,0,0,0,0
4.239300000000004,69.24200000000005,98.18780121692596,17.07,216.324,216.15141526,1,0,7,0,1,0,1,16,36,1,1,0,0,0,0,0,1,0,0,0.4,9.985234080723984,6.073071438482734,4.058447428928474,2.622014499589847,1.6843560188746196,6.073071438482734,4.058447428928474,2.622014499589847,1.6843560188746196,-1.37,12.698352699931647,7.861728805175354,4.921948556645515,0.0,6.286160523129555,4.794537184071822,0.0,44.59129680601767,35.90493987237732,0.0,6.076020106833881,0.0,0.0,0.0,0.0,4.794537184071822,0.0,0.0,0.0,39.02784531432067,0.0,41.468391364074314,0.0,0.0,12.362180629963436,0.0,4.794537184071822,0.0,0.0,0.0,56.5180374107767,30.05421937445216,0.0,0.0,6.286160523129555,0.0,0.0,0.0,0.0,15,0,0,0,0,0,0,0,0,1,0,16,8,2,0,3,3,0,7,2,1,0,0,0,0,2,7,1,0,5,1,0,0,0,0,1,0,0,0,0,0,0
3.129300000000002,62.531300000000044,96.0552990020199,46.53,222.28400000000002,222.125594436,3,1,6,1,3,0,3,16,34,1,1,0,0,0,0,0,1,0,0,0.46153846153846156,9.608645159118927,5.704987273184829,3.7137284213082977,2.355010921015253,1.4177081441849055,5.704987273184829,3.7137284213082977,2.355010921015253,1.4177081441849055,-1.51,12.559013112491373,6.879505266588669,3.927521570712279,0.0,17.682714647305474,4.736862953800049,0.0,42.965012367163474,24.26546827384644,0.0,0.0,0.0,0.0,5.749511833283905,0.0,14.637927532712576,0.0,0.0,0.0,32.60702369139466,6.606881964512918,29.828919765543436,0.0,5.749511833283905,5.969305287951849,9.843390348640755,0.0,4.794537184071822,0.0,0.0,38.31893620539187,18.55355575984923,0.0,6.606881964512918,11.3129633249809,0.0,0.0,0.0,5.969305287951849,13,0,0,0,0,0,0,0,0,3,0,16,9,1,0,3,3,0,6,6,3,1,1,0,0,3,6,1,0,4,2,0,0,0,0,1,0,0,0,0,0,0
1.7815999999999996,95.14240000000004,154.03091112613612,94.83,362.4660000000002,362.2093240599999,5,3,2,3,5,0,5,26,56,4,0,3,4,0,0,0,0,3,4,0.8095238095238095,15.701742962868114,9.957047497308325,9.557340138479042,8.653266583245495,7.281019867932493,9.957047497308325,9.557340138479042,8.653266583245495,7.281019867932493,-1.0400000000000003,18.329215372052044,5.727622740292945,2.138229150219643,0.0,45.1979712404969,9.589074368143644,28.583699077277743,58.79322575986332,11.64912463690315,0.0,0.0,0.0,0.0,0.0,0.0,24.90865655266576,0.0,0.0,28.583699077277743,70.49824295859531,6.606881964512918,11.64912463690315,0.0,0.0,11.566489892729878,15.319582184522117,9.589074368143644,0.0,0.0,0.0,19.420578929450514,67.76965845227089,11.83581209232279,6.103966387748303,12.207932775496605,11.566489892729878,0.0,0.0,0.0,21,0,0,0,0,0,0,0,0,5,0,26,7,2,0,19,1,0,2,10,5,3,3,0,0,7,1,1,0,8,6,3,0,0,1,3,0,0,0,0,6,3
4.518300000000004,71.84400000000005,105.67363950457973,17.07,234.38299999999992,234.198365452,1,0,1,0,1,0,1,17,43,2,0,0,2,0,0,0,0,0,2,0.8125,12.021132465586227,6.996164792446603,7.075145209944141,5.512569504274011,3.721371042717315,6.996164792446603,7.075145209944141,5.512569504274011,3.721371042717315,-0.5900000000000001,12.856309418982867,3.9644973592172046,1.9800893049493609,0.0,5.783244946364939,4.794537184071822,16.747886984954953,66.72279411308317,11.146209060138535,0.0,0.0,0.0,0.0,0.0,0.0,4.794537184071822,0.0,0.0,16.747886984954953,66.72279411308317,0.0,11.146209060138535,0.0,0.0,5.783244946364939,0.0,4.794537184071822,0.0,0.0,0.0,38.84115785890103,50.36074182987885,5.41499046939678,0.0,5.783244946364939,0.0,0.0,0.0,0.0,16,0,0,0,0,0,0,0,0,1,0,17,6,1,0,10,1,0,1,2,1,0,0,0,0,6,0,1,0,5,3,2,0,0,0,2,0,0,0,0,2,1
2.4237,46.25600000000003,68.4898179717293,17.07,152.237,152.120115132,1,0,1,0,1,0,1,11,27,1,0,0,1,0,0,0,0,0,1,0.7,7.50210641759854,4.27421294776005,3.735314369120562,2.7845703578466625,1.788235929830837,4.27421294776005,3.735314369120562,2.7845703578466625,1.788235929830837,-0.5900000000000001,8.506061479346783,3.205189072281423,1.7046236012828426,0.0,6.286160523129555,4.794537184071822,17.75371813848418,27.19203322199788,11.64912463690315,0.0,0.0,0.0,0.0,0.0,0.0,4.794537184071822,0.0,0.0,17.75371813848418,27.19203322199788,0.0,11.64912463690315,0.0,0.0,6.286160523129555,4.794537184071822,0.0,0.0,0.0,0.0,25.496599036284397,25.180370914939417,5.917906046161393,0.0,6.286160523129555,0.0,0.0,0.0,0.0,10,0,0,0,0,0,0,0,0,1,0,11,4,1,0,5,1,0,1,2,1,0,0,0,0,4,1,0,0,2,4,0,0,0,0,1,0,0,0,0,0,0
3.904200000000003,64.70000000000005,93.25998339713148,17.07,206.32899999999995,206.167065324,1,0,2,0,1,0,1,15,37,1,0,0,1,0,0,0,0,0,1,0.6428571428571429,10.554512660405836,5.703959698001654,5.358933898328666,3.5594641319050417,2.2950387667454764,5.703959698001654,5.358933898328666,3.5594641319050417,2.2950387667454764,-0.8500000000000001,12.220671378091874,4.3396785875961985,2.8031169493632366,0.0,5.783244946364939,4.794537184071822,11.332896515558172,47.46032924430513,23.2982492738063,0.0,0.0,0.0,0.0,0.0,0.0,4.794537184071822,0.0,0.0,11.332896515558172,47.46032924430513,0.0,23.2982492738063,0.0,0.0,5.783244946364939,0.0,4.794537184071822,0.0,0.0,0.0,31.572619143118278,44.60094984438994,5.917906046161393,0.0,0.0,5.783244946364939,0.0,0.0,0.0,14,0,0,0,0,0,0,0,0,1,0,15,7,2,0,5,1,0,2,2,1,0,0,0,0,6,1,2,0,3,2,1,0,0,0,1,0,0,0,0,0,0
0.38710000000000006,17.354800000000004,26.263369008818774,20.23,60.096000000000004,60.057514876,1,1,0,1,1,0,1,4,12,0,0,0,0,0,0,0,0,0,0,1.0,3.0245638646895836,1.412899428126413,1.0937480486839481,0.0,0.0,1.412899428126413,1.0937480486839481,0.0,0.0,-0.04,3.9600000000000004,1.297837837837838,1128.9599999999998,0.0,11.210493782589008,0.0,0.0,13.847474399381248,0.0,0.0,0.0,0.0,0.0,0.0,0.0,5.106527394840706,0.0,0.0,0.0,19.95144078712955,0.0,0.0,0.0,0.0,0.0,5.106527394840706,0.0,0.0,0.0,0.0,0.0,13.847474399381248,6.103966387748303,0.0,0.0,0.0,0.0,0.0,0.0,3,0,0,0,0,0,0,0,0,1,0,4,3,0,0,0,0,0,0,2,1,1,1,0,0,3,0,1,0,0,0,0,0,0,0,0,0,0,0,0,0,0
5.639100000000005,82.30600000000007,119.85339218772594,26.3,270.45699999999994,270.255880328,2,0,13,0,2,0,2,19,53,0,0,0,0,0,0,0,0,0,0,0.9411764705882353,13.379128224355926,8.359311261018451,5.824148294039298,3.35160234728316,2.2553684063009842,8.359311261018451,5.824148294039298,3.35160234728316,2.2553684063009842,-0.53,18.470000000000002,13.891409452809675,15.412970033646573,0.0,12.073271675700152,9.53140013787187,0.0,97.821071074184,0.0,0.0,0.0,0.0,0.0,0.0,0.0,9.53140013787187,0.0,0.0,0.0,103.9250374619323,0.0,0.0,0.0,0.0,5.969305287951849,4.736862953800049,4.794537184071822,0.0,0.0,0.0,71.13195342895074,20.268296022307258,6.4208216229260096,6.103966387748303,0.0,0.0,0.0,0.0,5.969305287951849,17,0,0,0,0,0,0,0,0,2,0,19,17,1,0,0,0,0,13,4,2,0,0,0,0,4,13,2,0,0,0,0,0,0,0,0,0,0,0,0,0,0
0.09089999999999993,13.309800000000001,24.059948994465934,37.3,60.05200000000001,60.021129368000004,2,1,0,1,1,0,2,4,8,0,0,0,0,0,0,0,0,0,0,0.5,2.355461885963821,0.9277309429819105,0.5190180358994382,0.0,0.0,0.9277309429819105,0.5190180358994382,0.0,0.0,-0.53,3.4699999999999998,0.8748582995951415,1.1560092559629747,0.0,11.075832682792555,4.794537184071822,0.0,6.923737199690624,0.0,0.0,0.0,0.0,0.0,0.0,0.0,9.901064578912528,0.0,0.0,0.0,6.923737199690624,0.0,0.0,0.0,0.0,5.969305287951849,5.106527394840706,4.794537184071822,0.0,0.0,0.0,0.0,0.0,6.923737199690624,0.0,0.0,0.0,0.0,5.969305287951849,0.0,2,0,0,0,0,0,0,0,0,2,0,4,2,1,0,0,0,0,0,4,2,1,1,0,0,3,0,1,0,0,0,0,0,0,0,0,0,0,0,0,0,0
2.6698000000000013,49.485800000000026,69.43875774522651,20.23,154.253,154.135765196,1,1,4,1,1,0,1,11,29,0,0,0,0,0,0,0,0,0,0,0.6,7.723234477438853,3.9710070384606047,3.381446490300299,1.6428131966779373,0.7551266139270119,3.9710070384606047,3.381446490300299,1.6428131966779373,0.7551266139270119,-0.56,10.44,4.345263593221741,5.863728813559322,0.0,10.707578205824394,0.0,0.0,33.61285484492389,24.304080427335528,0.0,0.0,0.0,0.0,0.0,0.0,5.106527394840706,0.0,0.0,0.0,39.21390565590758,0.0,24.304080427335528,0.0,0.0,0.0,5.106527394840706,0.0,0.0,0.0,6.578935683598497,17.72514474373703,33.61285484492389,0.0,5.601050810983688,0.0,0.0,0.0,0.0,0.0,10,0,0,0,0,0,0,0,0,1,0,11,8,2,0,0,0,0,4,2,1,1,1,0,0,5,4,1,1,0,0,0,0,0,0,0,0,0,0,0,0,0
2.8530000000000015,61.636800000000044,92.37887806711514,37.3,210.31699999999998,210.161979944,2,1,5,1,2,0,2,15,37,1,0,0,1,0,0,0,0,0,1,0.7692307692307693,9.830153380651986,5.866722569245051,5.19889989984812,3.0244394785294206,2.007465158733565,5.866722569245051,5.19889989984812,3.0244394785294206,2.007465158733565,-0.6300000000000001,12.439589422407792,5.452699510576978,5.121934543344645,0.0,16.99373872895395,4.794537184071822,5.917906046161393,52.37240413693732,11.64912463690315,0.0,0.0,0.0,0.0,0.0,0.0,9.901064578912528,0.0,0.0,5.917906046161393,57.973454947921,0.0,11.64912463690315,0.0,0.0,6.286160523129555,9.901064578912528,0.0,0.0,0.0,0.0,11.64912463690315,52.37240413693732,5.917906046161393,5.601050810983688,6.286160523129555,0.0,0.0,0.0,0.0,13,0,0,0,0,0,0,0,0,2,0,15,8,1,0,5,1,0,5,4,2,1,1,0,0,4,4,0,1,4,2,0,0,0,0,1,0,0,0,0,0,0
2.556020000000001,55.74980000000004,80.41528955807264,20.23,178.275,178.135765196,1,1,3,1,1,0,1,13,31,1,1,0,0,0,0,0,1,0,0,0.5,8.670828234631557,4.698255142842578,4.488157024025589,2.193192983621247,1.4305927571037058,4.698255142842578,4.488157024025589,2.193192983621247,1.4305927571037058,-0.8200000000000001,10.262101806239736,3.9254643770472475,3.19213203755077,0.0,11.713409359353623,6.4208216229260096,12.338727669087405,24.97437738277524,24.26546827384644,0.0,0.0,0.0,0.0,0.0,0.0,5.106527394840706,0.0,0.0,5.41499046939678,27.19203322199788,6.606881964512918,35.392371257240434,0.0,0.0,0.0,5.106527394840706,0.0,0.0,0.0,0.0,43.67639416492468,24.32300078371041,6.606881964512918,0.0,0.0,0.0,0.0,0.0,0.0,12,0,0,0,0,0,0,0,0,1,0,13,7,0,0,3,3,0,3,2,1,1,1,0,0,4,2,0,1,4,2,0,0,0,0,1,0,0,0,0,0,0
1.8825,52.77900000000004,85.0111881551552,26.3,194.274,194.130679816,2,0,2,0,2,0,2,14,32,3,0,3,3,0,0,0,0,3,3,0.9166666666666666,8.6863755900013,5.812305801632465,5.36476889835008,4.937928994751612,4.432304634854578,5.812305801632465,5.36476889835008,4.937928994751612,4.432304634854578,-0.37,8.899889220861992,3.0593934795655056,1.035176964197392,0.0,19.49992445215539,9.53140013787187,29.589530230806965,25.683286491704038,0.0,0.0,0.0,0.0,0.0,0.0,0.0,9.53140013787187,0.0,0.0,29.589530230806965,31.78725287945234,7.109797541277533,0.0,0.0,0.0,6.286160523129555,9.53140013787187,0.0,0.0,0.0,0.0,0.0,49.354910676349604,13.027703587438927,6.103966387748303,6.286160523129555,0.0,0.0,0.0,0.0,12,0,0,0,0,0,0,0,0,2,0,14,3,1,0,12,0,0,2,4,2,0,0,0,0,2,2,0,0,4,6,0,0,0,3,0,0,0,0,0,5,3
1.1787999999999998,39.446300000000015,64.23058843003683,46.53,152.14899999999997,152.047344116,3,1,1,1,3,0,3,11,19,1,1,0,0,0,0,0,1,0,0,0.125,6.073111253186188,3.1174536478673316,2.00873068223107,1.309358947710324,0.7562084325647941,3.1174536478673316,2.00873068223107,1.309358947710324,0.7562084325647941,-1.51,7.595374077976819,3.0531381005525,1.490370509139573,0.0,18.18563022407009,4.736862953800049,0.0,10.357988675768818,24.26546827384644,0.0,0.0,0.0,0.0,5.749511833283905,0.0,14.637927532712576,0.0,0.0,0.0,0.0,7.109797541277533,29.828919765543436,0.0,5.749511833283905,5.969305287951849,9.843390348640755,0.0,4.794537184071822,0.0,0.0,12.13273413692322,12.13273413692322,0.0,7.109797541277533,11.3129633249809,0.0,0.0,0.0,5.969305287951849,8,0,0,0,0,0,0,0,0,3,0,11,4,1,0,3,3,0,1,6,3,1,1,0,0,3,1,1,0,4,2,0,0,0,0,1,0,0,0,0,0,0
2.4315000000000007,41.0118,62.24960168084558,37.3,144.214,144.115029752,2,1,6,1,1,0,2,10,26,0,0,0,0,0,0,0,0,0,0,0.875,6.598102573083107,3.9883911147617317,2.557952105596448,1.4941955573808654,0.8797791157461863,3.9883911147617317,2.557952105596448,1.4941955573808654,0.8797791157461863,-0.53,9.47,6.588063754427392,7.470000000000003,0.0,11.075832682792555,4.794537184071822,0.0,45.448666937246685,0.0,0.0,0.0,0.0,0.0,0.0,0.0,9.901064578912528,0.0,0.0,0.0,45.448666937246685,0.0,0.0,0.0,0.0,5.969305287951849,5.106527394840706,4.794537184071822,0.0,0.0,0.0,32.60702369139466,6.4208216229260096,6.4208216229260096,0.0,0.0,0.0,0.0,0.0,5.969305287951849,8,0,0,0,0,0,0,0,0,2,0,10,8,1,0,0,0,0,6,4,2,1,1,0,0,3,6,1,0,0,0,0,0,0,0,0,0,0,0,0,0,0
0.9670000000000001,37.81370000000001,58.09199178314606,63.32,137.13799999999998,137.047678464,3,3,1,2,2,0,3,10,17,1,1,0,0,0,0,0,1,0,0,0.0,5.2422132319119505,2.7877732826226422,1.92716103233663,1.1576341775942978,0.6256965600332277,2.7877732826226422,1.92716103233663,1.1576341775942978,0.6256965600332277,-1.51,6.607785630153122,2.389632707443791,1.2539046385226678,5.733667477162185,11.075832682792555,0.0,0.0,10.357988675768818,24.26546827384644,0.0,0.0,0.0,5.687386274683562,0.0,0.0,9.901064578912528,0.0,0.0,0.0,0.0,5.733667477162185,29.828919765543436,0.0,0.0,11.656691562635412,10.84019487200289,0.0,4.794537184071822,0.0,0.0,0.0,24.26546827384644,5.687386274683562,5.563451491696996,0.0,0.0,0.0,0.0,5.969305287951849,7,0,0,0,0,0,0,1,0,2,0,10,3,1,0,3,3,0,1,5,3,3,2,0,0,3,0,1,0,4,2,0,0,0,0,1,0,0,0,0,0,0
-0.6405000000000001,18.7666,31.057602761014792,40.46,76.095,76.052429496,2,2,1,2,2,0,2,5,13,0,0,0,0,0,0,0,0,0,0,1.0,3.178884241376089,1.5600252154174878,1.0315955518811348,0.26422384392782794,0.0,1.5600252154174878,1.0315955518811348,0.26422384392782794,0.0,-0.08,4.920000000000001,2.1751020408163266,3.92,0.0,22.92390314194263,0.0,0.0,6.923737199690624,0.0,0.0,0.0,0.0,0.0,0.0,0.0,10.213054789681411,0.0,0.0,0.0,13.027703587438927,6.606881964512918,0.0,0.0,0.0,0.0,10.213054789681411,0.0,0.0,0.0,0.0,0.0,6.923737199690624,0.0,12.71084835226122,0.0,0.0,0.0,0.0,0.0,3,0,0,0,0,0,0,0,0,2,0,5,4,0,0,0,0,0,1,4,2,2,2,0,0,3,1,1,0,0,0,0,0,0,0,0,0,0,0,0,0,0
1.0977999999999999,29.771599999999992,47.01987062388899,40.46,110.11199999999998,110.036779432,2,2,0,2,2,0,2,8,14,1,1,0,0,0,0,0,1,0,0,0.0,4.203828267758419,2.2685808005458763,1.5198521031882708,0.8297374894999839,0.4930306101328478,2.2685808005458763,1.5198521031882708,0.8297374894999839,0.4930306101328478,-1.1800000000000002,4.966627565982405,1.7381205361963379,0.9041418956093399,0.0,10.213054789681411,0.0,0.0,0.0,24.26546827384644,0.0,0.0,0.0,0.0,11.49902366656781,0.0,10.213054789681411,0.0,0.0,0.0,0.0,0.0,24.26546827384644,0.0,11.49902366656781,0.0,10.213054789681411,0.0,0.0,0.0,0.0,6.06636706846161,12.13273413692322,6.06636706846161,0.0,11.49902366656781,0.0,0.0,0.0,0.0,6,0,0,0,0,0,0,0,0,2,0,8,2,0,0,3,3,0,0,4,2,2,2,0,0,2,0,0,0,4,2,0,0,0,0,1,0,0,0,0,0,0
1.0903999999999998,35.066100000000006,57.54633483832936,57.53,138.12199999999999,138.031694052,3,2,1,2,2,0,3,10,16,1,1,0,0,0,0,0,1,0,0,0.0,5.112076558222283,2.728688009921516,1.8223016228423563,1.134458362228448,0.6544892453505138,2.728688009921516,1.8223016228423563,1.134458362228448,0.6544892453505138,-1.51,6.607785630153122,2.389632707443791,1.0748936229840518,0.0,16.182360077633263,0.0,0.0,10.357988675768818,24.26546827384644,0.0,0.0,0.0,0.0,5.749511833283905,0.0,15.007591973753234,0.0,0.0,0.0,0.0,0.0,29.828919765543436,0.0,5.749511833283905,5.969305287951849,10.213054789681411,0.0,4.794537184071822,0.0,0.0,12.13273413692322,12.13273413692322,0.0,0.0,11.3129633249809,0.0,0.0,0.0,5.969305287951849,7,0,0,0,0,0,0,0,0,3,0,10,3,1,0,3,3,0,1,6,3,2,2,0,0,3,0,1,0,4,2,0,0,0,0,1,0,0,0,0,0,0
3.726700000000002,69.34460000000006,105.70479940179777,63.6,266.40299999999996,266.155180312,4,1,12,1,3,0,5,17,43,0,0,0,0,0,0,0,0,0,0,1.0,11.674877931335162,8.043504473286525,5.5228508801104,3.194679975493912,2.0822031790959805,6.678356101616417,4.431686733751061,2.7301539637584247,1.7537336861602757,-0.13,16.870000000000005,10.988787086616048,15.870000000000005,0.0,19.57742882253222,14.582086014299314,0.0,71.13195342895074,0.0,0.0,0.0,0.0,0.0,0.0,0.0,17.15363229066901,0.0,0.0,0.0,71.13195342895074,6.606881964512918,0.0,0.0,0.0,10.399000581649606,0.0,4.552749873690364,4.183085432649707,8.417796984328938,0.0,64.71113180602472,6.4208216229260096,0.0,6.606881964512918,0.0,0.0,0.0,0.0,10.399000581649606,12,0,0,0,0,1,0,0,0,4,0,17,14,2,0,0,0,0,12,8,4,1,1,0,0,4,12,0,1,0,0,0,0,0,0,0,0,0,0,0,0,0
0.5155000000000001,40.669000000000004,64.3999298265503,80.39,173.19299999999998,173.014664084,4,3,1,2,3,0,5,11,18,1,1,0,0,0,0,0,1,0,0,0.0,6.375206393767402,4.270137332841692,3.465639134004354,2.04584326152662,1.1198179101062444,2.8300740040410517,2.044101933557007,1.177959044413068,0.6397968005060312,-1.07,8.030704934541792,2.5192903206703843,1.9239700742334507,5.733667477162185,12.9705468580193,10.118126859033554,0.0,0.0,29.160951749364216,0.0,0.0,0.0,5.687386274683562,0.0,0.0,12.9705468580193,0.0,0.0,0.0,4.895483475517775,5.733667477162185,24.26546827384644,0.0,0.0,15.805513133717117,5.733667477162185,4.552749873690364,0.0,8.417796984328938,0.0,0.0,24.26546827384644,5.687386274683562,4.895483475517775,0.0,0.0,0.0,10.118126859033554,0.0,6,0,0,0,0,1,0,1,0,3,0,11,3,2,0,3,3,0,1,7,4,3,2,0,0,4,0,0,1,4,2,0,0,0,0,1,0,0,0,0,0,0
3.5141000000000027,60.08300000000004,86.89504128273487,17.07,192.30199999999994,192.15141526,1,0,2,0,1,0,1,14,34,1,0,0,1,0,0,0,0,0,1,0.6153846153846154,9.631862929595462,5.319985101786092,4.810779040245545,3.1072550831449526,2.420359900519571,5.319985101786092,4.810779040245545,3.1072550831449526,2.420359900519571,-0.8500000000000001,11.226045627376426,4.118968361635843,2.1434085618722865,0.0,5.783244946364939,4.794537184071822,11.332896515558172,40.53659204461451,23.80116485057091,0.0,0.0,0.0,0.0,0.0,0.0,4.794537184071822,0.0,0.0,11.332896515558172,40.53659204461451,0.0,23.80116485057091,0.0,0.0,5.783244946364939,0.0,4.794537184071822,0.0,0.0,0.0,31.572619143118278,38.180128221463924,5.917906046161393,0.0,0.0,5.783244946364939,0.0,0.0,0.0,13,0,0,0,0,0,0,0,0,1,0,14,6,2,0,5,1,0,2,2,1,0,0,0,0,5,2,1,0,3,2,1,0,0,0,1,0,0,0,0,0,0
-2.1226,27.285199999999996,55.33405657989094,115.06,150.08599999999998,150.01643791200001,6,4,3,4,4,0,6,10,16,0,0,0,0,0,0,0,0,0,0,0.5,4.76005150130681,2.2825432679811026,1.5661499560581988,0.8051044696647977,0.2701017096056554,2.2825432679811026,1.5661499560581988,0.8051044696647977,0.2701017096056554,-1.1400000000000001,8.86,3.1362532686222435,1.9973754023245793,0.0,44.57265293076312,9.589074368143644,0.0,0.0,0.0,0.0,0.0,0.0,0.0,0.0,0.0,30.015183947506465,0.0,0.0,0.0,12.207932775496605,0.0,0.0,0.0,0.0,11.938610575903699,20.426109579362823,0.0,9.589074368143644,0.0,0.0,0.0,0.0,0.0,0.0,0.0,12.207932775496605,0.0,0.0,11.938610575903699,4,0,0,0,0,0,0,0,0,6,0,10,7,2,0,0,0,0,3,12,6,4,4,0,0,6,0,4,0,0,0,0,0,0,0,0,0,0,0,0,0,0
3.6582000000000026,60.15300000000004,86.89504128273488,17.07,192.30199999999996,192.15141526,1,0,2,0,1,0,1,14,34,1,0,0,1,0,0,0,0,0,1,0.6153846153846154,9.684269172402757,5.360589663536252,4.757017723077499,3.0215478028438967,2.401698536325193,5.360589663536252,4.757017723077499,3.0215478028438967,2.401698536325193,-0.8500000000000001,11.226045627376426,4.118968361635843,2.1434085618722865,0.0,5.783244946364939,4.794537184071822,5.41499046939678,46.95741366754052,23.2982492738063,0.0,0.0,0.0,0.0,0.0,0.0,4.794537184071822,0.0,0.0,5.41499046939678,46.95741366754052,0.0,23.2982492738063,0.0,0.0,5.783244946364939,0.0,4.794537184071822,0.0,0.0,0.0,25.496599036284397,44.60094984438994,5.573104530069267,0.0,0.0,5.783244946364939,0.0,0.0,0.0,13,0,0,0,0,0,0,0,0,1,0,14,6,2,0,5,1,0,2,2,1,0,0,0,0,5,2,1,0,3,2,1,0,0,0,1,0,0,0,0,0,0
4.4626000000000055,161.19739999999973,253.58251712208406,133.14000000000001,604.8220000000002,604.4186481199998,10,3,30,3,10,0,10,42,102,1,0,1,1,0,1,1,0,0,0,0.90625,26.134043183361804,16.36939532215997,10.755729062334934,7.123535127614424,4.895757574941144,16.36939532215997,10.755729062334934,7.123535127614424,4.895757574941144,-1.1100000000000003,38.9144558571778,28.64862661719468,20.735753062657082,0.0,105.35275104567037,33.215714906872115,0.0,103.2360615435808,12.152040213667762,0.0,0.0,0.0,0.0,0.0,0.0,48.53529709139423,0.0,0.0,0.0,127.83798743616092,59.46193768061625,12.152040213667762,0.0,0.0,5.969305287951849,43.740759907322406,4.794537184071822,0.0,0.0,0.0,70.44235039676647,32.10410811463005,12.841643245852019,58.95902210385164,18.814814740009524,6.290026729335213,0.0,0.0,5.969305287951849,32,0,0,0,0,0,0,0,0,9,1,42,35,2,0,5,0,0,30,20,10,3,3,0,0,5,30,2,0,2,3,0,0,0,1,0,0,0,0,0,0,0
2.30344,35.916,50.16128734829017,0.0,106.16799999999999,106.07825032,0,0,0,0,0,0,0,8,18,1,1,0,0,0,0,0,1,0,0,0.25,5.309401076758503,2.821367205045919,2.1581548620732005,1.1735753140545637,0.807015524534935,2.821367205045919,2.1581548620732005,1.1735753140545637,0.807015524534935,-0.78,5.358504155124653,1.9937447122872558,1.0935372033822537,0.0,0.0,0.0,13.847474399381248,11.126902983393991,24.26546827384644,0.0,0.0,0.0,0.0,0.0,0.0,0.0,0.0,0.0,0.0,13.847474399381248,0.0,35.392371257240434,0.0,0.0,0.0,0.0,0.0,0.0,0.0,0.0,35.392371257240434,13.847474399381248,0.0,0.0,0.0,0.0,0.0,0.0,0.0,8,0,0,0,0,0,0,0,0,0,0,8,2,0,0,3,3,0,0,0,0,0,0,0,0,2,0,0,0,4,2,0,0,0,0,1,0,0,0,0,0,0
